/* INSERT DATA IN 1CURRENT_TIME */
INSERT INTO 1CURRENT_TIME (ACADEMIC_YEAR, SEMESTER, PHASE)
VALUES (2564, 1, 1);


/* INSERT DATA IN USER_T */
INSERT INTO USER_T (USER_ID, PASSWORD, FIRST_NAME, LAST_NAME, DEPARTMENT, TOTAL_CREDIT, YEAR, ROLE)
VALUES ("11111111111", "1111", "Nongyao", "Jampahom", "Computer Engineering", 0, 99, "Admin");
INSERT INTO USER_T (USER_ID, PASSWORD, FIRST_NAME, LAST_NAME, DEPARTMENT, TOTAL_CREDIT, YEAR, ROLE)
VALUES ("11111111112", "1112", "Nittaya", "Nakowong", "Computer Engineering", 0, 99, "Admin");
INSERT INTO USER_T (USER_ID, PASSWORD, FIRST_NAME, LAST_NAME, DEPARTMENT, TOTAL_CREDIT, YEAR, ROLE)
VALUES ("22222222221", "2221", "Varissa", "Eungphapa", "Computer Engineering", 0, 98, "Moderator");
INSERT INTO USER_T (USER_ID, PASSWORD, FIRST_NAME, LAST_NAME, DEPARTMENT, TOTAL_CREDIT, YEAR, ROLE)
VALUES ("22222222222", "2222", "Paitoon", "Saojohor", "Computer Engineering", 0, 98, "Moderator");
INSERT INTO USER_T (USER_ID, PASSWORD, NATIONAL_ID, FIRST_NAME, LAST_NAME, DEPARTMENT, TOTAL_CREDIT, YEAR, ROLE)
VALUES ("63070503403", "3403", "1109876543211", "Kasikan", "Wisetkamin", "Computer Engineering", 0, 1, "Student");
INSERT INTO USER_T (USER_ID, PASSWORD, NATIONAL_ID, FIRST_NAME, LAST_NAME, DEPARTMENT, TOTAL_CREDIT, GPAX, YEAR, ROLE)
VALUES ("63070503404", "3404", "1109876543212", "Jiajia", "Bai", "Computer Engineering", 36, 3.70, 2, "Student");
INSERT INTO USER_T (USER_ID, PASSWORD, NATIONAL_ID, FIRST_NAME, LAST_NAME, DEPARTMENT, TOTAL_CREDIT, GPAX, YEAR, ROLE)
VALUES ("63070503405", "3405", "1109876543213", "Chayathit", "Rattanapokil", "Computer Engineering", 73, 3.32, 3, "Student");
INSERT INTO USER_T (USER_ID, PASSWORD, NATIONAL_ID, FIRST_NAME, LAST_NAME, DEPARTMENT, TOTAL_CREDIT, GPAX, YEAR, ROLE)
VALUES ("63070503410", "3410", "1109876543214", "Sonia", "Gautum", "Computer Engineering", 107, 3.92, 4, "Student");
INSERT INTO USER_T (USER_ID, PASSWORD, NATIONAL_ID, FIRST_NAME, LAST_NAME, DEPARTMENT, TOTAL_CREDIT, YEAR, ROLE)
VALUES ("63070503418", "3418", "1109876543215", "Tamonwan", "Boonpa", "Chemical Engineering", 0, 1, "Student");
INSERT INTO USER_T (USER_ID, PASSWORD, NATIONAL_ID, FIRST_NAME, LAST_NAME, DEPARTMENT, TOTAL_CREDIT, GPAX, YEAR, ROLE)
VALUES ("63070503420", "3420", "1109876543216", "Theeranont", "Ruchiyakorn", "Chemical Engineering", 41, 3.27, 2, "Student");
INSERT INTO USER_T (USER_ID, PASSWORD, NATIONAL_ID, FIRST_NAME, LAST_NAME, DEPARTMENT, TOTAL_CREDIT, GPAX, YEAR, ROLE)
VALUES ("63070503423", "3423", "1109876543217", "Neeracha", "Seehawong", "Chemical Engineering", 83, 3.07, 3, "Student");
INSERT INTO USER_T (USER_ID, PASSWORD, NATIONAL_ID, FIRST_NAME, LAST_NAME, DEPARTMENT, TOTAL_CREDIT, GPAX, YEAR, ROLE)
VALUES ("63070503440", "3440", "1109876543218", "Puridach", "Wutthihathaithamrong", "Chemical Engineering", 112, 3.45, 4, "Student");
INSERT INTO USER_T (USER_ID, PASSWORD, NATIONAL_ID, FIRST_NAME, LAST_NAME, DEPARTMENT, TOTAL_CREDIT, YEAR, ROLE)
VALUES ("63070503441", "3441", "1109876543219", "Pooritouch", "Boontaweesawad", "Civil Engineering", 0, 1, "Student");
INSERT INTO USER_T (USER_ID, PASSWORD, NATIONAL_ID, FIRST_NAME, LAST_NAME, DEPARTMENT, TOTAL_CREDIT, GPAX, YEAR, ROLE)
VALUES ("63070503444", "3444", "1109876543220", "Muhammud", "Binhar", "Civil Engineering", 40, 3.69, 2, "Student");
INSERT INTO USER_T (USER_ID, PASSWORD, NATIONAL_ID, FIRST_NAME, LAST_NAME, DEPARTMENT, TOTAL_CREDIT, GPAX, YEAR, ROLE)
VALUES ("63070503446", "3446", "1109876543221", "Yuwapa", "Saykhamton", "Civil Engineering", 82, 3.19, 3, "Student");
INSERT INTO USER_T (USER_ID, PASSWORD, NATIONAL_ID, FIRST_NAME, LAST_NAME, DEPARTMENT, TOTAL_CREDIT, GPAX, YEAR, ROLE)
VALUES ("63070503458", "3458", "1109876543222", "Apirak", "Senarak", "Civil Engineering", 116, 3.53, 4, "Student");
INSERT INTO USER_T (USER_ID, PASSWORD, NATIONAL_ID, FIRST_NAME, LAST_NAME, DEPARTMENT, TOTAL_CREDIT, YEAR, ROLE)
VALUES ("63070503461", "3461", "1107894564123", "Kunnithi", "Treecharoensomboon", "Computer Engineering", 0, 1, "Student");
INSERT INTO USER_T (USER_ID, PASSWORD, NATIONAL_ID, FIRST_NAME, LAST_NAME, DEPARTMENT, TOTAL_CREDIT, YEAR, ROLE)
VALUES ("63070503471", "3471", "1107894564124", "Nunthanut", "Kittirattanaviwat", "Chemical Engineering", 0, 1, "Student");
INSERT INTO USER_T (USER_ID, PASSWORD, NATIONAL_ID, FIRST_NAME, LAST_NAME, DEPARTMENT, TOTAL_CREDIT, YEAR, ROLE)
VALUES ("63070504444", "4444", "1101234567895", "Yummy", "Dummy", "Civil Engineering", 0, 1, "Student");
INSERT INTO USER_T (USER_ID, PASSWORD, NATIONAL_ID, FIRST_NAME, LAST_NAME, DEPARTMENT, TOTAL_CREDIT, YEAR, ROLE)
VALUES ("64070503400", "3400", "1107894564125", "Jimjum", "Gookgig", "Computer Engineering", 0, 1, "Student");
INSERT INTO USER_T (USER_ID, PASSWORD, NATIONAL_ID, FIRST_NAME, LAST_NAME, DEPARTMENT, TOTAL_CREDIT, YEAR, ROLE)
VALUES ("64070503401", "3401", "1107894564126", "Mumu", "Narak", "Computer Engineering", 0, 1, "Student");


/* INSERT DATA IN ENROLLMENT */
INSERT INTO ENROLLMENT (ENROLLMENT_ID, USER_ID, TOTAL_PRICE, TOTAL_CREDIT, PAYMENT_STATUS, GPA, SEMESTER, ACADEMIC_YEAR)
VALUES ("6307050340412563", "63070503404", 36000, 18, 1, 3.83, 1, 2563);
INSERT INTO ENROLLMENT (ENROLLMENT_ID, USER_ID, TOTAL_PRICE, TOTAL_CREDIT, PAYMENT_STATUS, GPA, SEMESTER, ACADEMIC_YEAR)
VALUES ("6307050340422563", "63070503404", 36000, 18, 1, 3.58, 2, 2563);
INSERT INTO ENROLLMENT (ENROLLMENT_ID, USER_ID, TOTAL_PRICE, TOTAL_CREDIT, PAYMENT_STATUS, GPA, SEMESTER, ACADEMIC_YEAR)
VALUES ("6307050340512562", "63070503405", 36000, 0, -1, NULL, 1, 2562);
INSERT INTO ENROLLMENT (ENROLLMENT_ID, USER_ID, TOTAL_PRICE, TOTAL_CREDIT, PAYMENT_STATUS, GPA, SEMESTER, ACADEMIC_YEAR)
VALUES ("6307050340522562", "63070503405", 72000, 36, 1, 2.75, 2, 2562);
INSERT INTO ENROLLMENT (ENROLLMENT_ID, USER_ID, TOTAL_PRICE, TOTAL_CREDIT, PAYMENT_STATUS, GPA, SEMESTER, ACADEMIC_YEAR)
VALUES ("6307050340512563", "63070503405", 38000, 19, 1, 3.84, 1, 2563);
INSERT INTO ENROLLMENT (ENROLLMENT_ID, USER_ID, TOTAL_PRICE, TOTAL_CREDIT, PAYMENT_STATUS, GPA, SEMESTER, ACADEMIC_YEAR)
VALUES ("6307050340522563", "63070503405", 36000, 18, 1, 3.92, 2, 2563);
INSERT INTO ENROLLMENT (ENROLLMENT_ID, USER_ID, TOTAL_PRICE, TOTAL_CREDIT, PAYMENT_STATUS, GPA, SEMESTER, ACADEMIC_YEAR)
VALUES ("6307050341012561", "63070503410", 36000, 18, 1, 3.92, 1, 2561);
INSERT INTO ENROLLMENT (ENROLLMENT_ID, USER_ID, TOTAL_PRICE, TOTAL_CREDIT, PAYMENT_STATUS, GPA, SEMESTER, ACADEMIC_YEAR)
VALUES ("6307050341022561", "63070503410", 36000, 18, 1, 4.00, 2, 2561);
INSERT INTO ENROLLMENT (ENROLLMENT_ID, USER_ID, TOTAL_PRICE, TOTAL_CREDIT, PAYMENT_STATUS, GPA, SEMESTER, ACADEMIC_YEAR)
VALUES ("6307050341012562", "63070503410", 38000, 19, 1, 3.92, 1, 2562);
INSERT INTO ENROLLMENT (ENROLLMENT_ID, USER_ID, TOTAL_PRICE, TOTAL_CREDIT, PAYMENT_STATUS, GPA, SEMESTER, ACADEMIC_YEAR)
VALUES ("6307050341022562", "63070503410", 36000, 18, 1, 4.00, 2, 2562);
INSERT INTO ENROLLMENT (ENROLLMENT_ID, USER_ID, TOTAL_PRICE, TOTAL_CREDIT, PAYMENT_STATUS, GPA, SEMESTER, ACADEMIC_YEAR)
VALUES ("6307050341012563", "63070503410", 32000, 16, 1, 3.84, 1, 2563);
INSERT INTO ENROLLMENT (ENROLLMENT_ID, USER_ID, TOTAL_PRICE, TOTAL_CREDIT, PAYMENT_STATUS, GPA, SEMESTER, ACADEMIC_YEAR)
VALUES ("6307050341022563", "63070503410", 36000, 18, 1, 3.83, 2, 2563);
INSERT INTO ENROLLMENT (ENROLLMENT_ID, USER_ID, TOTAL_PRICE, TOTAL_CREDIT, PAYMENT_STATUS, GPA, SEMESTER, ACADEMIC_YEAR)
VALUES ("6307050342012563", "63070503420", 36000, 18, 1, 2.86, 1, 2563);
INSERT INTO ENROLLMENT (ENROLLMENT_ID, USER_ID, TOTAL_PRICE, TOTAL_CREDIT, PAYMENT_STATUS, GPA, SEMESTER, ACADEMIC_YEAR)
VALUES ("6307050342022563", "63070503420", 46000, 23, 1, 3.59, 2, 2563);
INSERT INTO ENROLLMENT (ENROLLMENT_ID, USER_ID, TOTAL_PRICE, TOTAL_CREDIT, PAYMENT_STATUS, GPA, SEMESTER, ACADEMIC_YEAR)
VALUES ("6307050342312562", "63070503423", 36000, 18, 1, 2.36, 1, 2562);
INSERT INTO ENROLLMENT (ENROLLMENT_ID, USER_ID, TOTAL_PRICE, TOTAL_CREDIT, PAYMENT_STATUS, GPA, SEMESTER, ACADEMIC_YEAR)
VALUES ("6307050342322562", "63070503423", 50000, 25, 1, 3.18, 2, 2562);
INSERT INTO ENROLLMENT (ENROLLMENT_ID, USER_ID, TOTAL_PRICE, TOTAL_CREDIT, PAYMENT_STATUS, GPA, SEMESTER, ACADEMIC_YEAR)
VALUES ("6307050342312563", "63070503423", 38000, 19, 1, 2.97, 1, 2563);
INSERT INTO ENROLLMENT (ENROLLMENT_ID, USER_ID, TOTAL_PRICE, TOTAL_CREDIT, PAYMENT_STATUS, GPA, SEMESTER, ACADEMIC_YEAR)
VALUES ("6307050342322563", "63070503423", 42000, 21, 1, 3.64, 2, 2563);
INSERT INTO ENROLLMENT (ENROLLMENT_ID, USER_ID, TOTAL_PRICE, TOTAL_CREDIT, PAYMENT_STATUS, GPA, SEMESTER, ACADEMIC_YEAR)
VALUES ("6307050344012561", "63070503440", 36000, 18, 1, 3.08, 1, 2561);
INSERT INTO ENROLLMENT (ENROLLMENT_ID, USER_ID, TOTAL_PRICE, TOTAL_CREDIT, PAYMENT_STATUS, GPA, SEMESTER, ACADEMIC_YEAR)
VALUES ("6307050344022561", "63070503440", 46000, 23, 1, 3.37, 2, 2561);
INSERT INTO ENROLLMENT (ENROLLMENT_ID, USER_ID, TOTAL_PRICE, TOTAL_CREDIT, PAYMENT_STATUS, GPA, SEMESTER, ACADEMIC_YEAR)
VALUES ("6307050344012562", "63070503440", 38000, 19, 1, 3.21, 1, 2562);
INSERT INTO ENROLLMENT (ENROLLMENT_ID, USER_ID, TOTAL_PRICE, TOTAL_CREDIT, PAYMENT_STATUS, GPA, SEMESTER, ACADEMIC_YEAR)
VALUES ("6307050344022562", "63070503440", 36000, 18, 1, 3.58, 2, 2562);
INSERT INTO ENROLLMENT (ENROLLMENT_ID, USER_ID, TOTAL_PRICE, TOTAL_CREDIT, PAYMENT_STATUS, GPA, SEMESTER, ACADEMIC_YEAR)
VALUES ("6307050344012563", "63070503440", 34000, 17, 1, 3.82, 1, 2563);
INSERT INTO ENROLLMENT (ENROLLMENT_ID, USER_ID, TOTAL_PRICE, TOTAL_CREDIT, PAYMENT_STATUS, GPA, SEMESTER, ACADEMIC_YEAR)
VALUES ("6307050344022563", "63070503440", 34000, 17, 1, 3.74, 2, 2563);
INSERT INTO ENROLLMENT (ENROLLMENT_ID, USER_ID, TOTAL_PRICE, TOTAL_CREDIT, PAYMENT_STATUS, GPA, SEMESTER, ACADEMIC_YEAR)
VALUES ("6307050344412563", "63070503444", 42000, 21, 1, 3.55, 1, 2563);
INSERT INTO ENROLLMENT (ENROLLMENT_ID, USER_ID, TOTAL_PRICE, TOTAL_CREDIT, PAYMENT_STATUS, GPA, SEMESTER, ACADEMIC_YEAR)
VALUES ("6307050344422563", "63070503440", 38000, 19, 1, 3.84, 2, 2563);
INSERT INTO ENROLLMENT (ENROLLMENT_ID, USER_ID, TOTAL_PRICE, TOTAL_CREDIT, PAYMENT_STATUS, GPA, SEMESTER, ACADEMIC_YEAR)
VALUES ("6307050344612562", "63070503446", 42000, 21, 1, 2.31, 1, 2562);
INSERT INTO ENROLLMENT (ENROLLMENT_ID, USER_ID, TOTAL_PRICE, TOTAL_CREDIT, PAYMENT_STATUS, GPA, SEMESTER, ACADEMIC_YEAR)
VALUES ("6307050344622562", "63070503446", 50000, 25, 1, 3.30, 2, 2562);
INSERT INTO ENROLLMENT (ENROLLMENT_ID, USER_ID, TOTAL_PRICE, TOTAL_CREDIT, PAYMENT_STATUS, GPA, SEMESTER, ACADEMIC_YEAR)
VALUES ("6307050344612563", "63070503446", 42000, 21, 1, 3.36, 1, 2563);
INSERT INTO ENROLLMENT (ENROLLMENT_ID, USER_ID, TOTAL_PRICE, TOTAL_CREDIT, PAYMENT_STATUS, GPA, SEMESTER, ACADEMIC_YEAR)
VALUES ("6307050344622563", "63070503446", 30000, 15, 1, 4.00, 2, 2563);
INSERT INTO ENROLLMENT (ENROLLMENT_ID, USER_ID, TOTAL_PRICE, TOTAL_CREDIT, PAYMENT_STATUS, GPA, SEMESTER, ACADEMIC_YEAR)
VALUES ("6307050345812561", "63070503458", 42000, 21, 1, 3.14, 1, 2561);
INSERT INTO ENROLLMENT (ENROLLMENT_ID, USER_ID, TOTAL_PRICE, TOTAL_CREDIT, PAYMENT_STATUS, GPA, SEMESTER, ACADEMIC_YEAR)
VALUES ("6307050345822561", "63070503458", 46000, 23, 1, 3.50, 2, 2561);
INSERT INTO ENROLLMENT (ENROLLMENT_ID, USER_ID, TOTAL_PRICE, TOTAL_CREDIT, PAYMENT_STATUS, GPA, SEMESTER, ACADEMIC_YEAR)
VALUES ("6307050345812562", "63070503458", 42000, 21, 1, 3.43, 1, 2562);
INSERT INTO ENROLLMENT (ENROLLMENT_ID, USER_ID, TOTAL_PRICE, TOTAL_CREDIT, PAYMENT_STATUS, GPA, SEMESTER, ACADEMIC_YEAR)
VALUES ("6307050345822562", "63070503458", 30000, 15, 1, 3.73, 2, 2562);
INSERT INTO ENROLLMENT (ENROLLMENT_ID, USER_ID, TOTAL_PRICE, TOTAL_CREDIT, PAYMENT_STATUS, GPA, SEMESTER, ACADEMIC_YEAR)
VALUES ("6307050345812563", "63070503458", 38000, 19, 1, 3.76, 1, 2563);
INSERT INTO ENROLLMENT (ENROLLMENT_ID, USER_ID, TOTAL_PRICE, TOTAL_CREDIT, PAYMENT_STATUS, GPA, SEMESTER, ACADEMIC_YEAR)
VALUES ("6307050345822563", "63070503458", 34000, 17, 1, 3.76, 2, 2563);


/* INSERT DATA IN PRICE_COURSE */
INSERT INTO PRICE_COURSE (Price_Rate_ID, CREDIT, PRICE) VALUES ('PR12000', 1, 2000);
INSERT INTO PRICE_COURSE (Price_Rate_ID, CREDIT, PRICE) VALUES ('PR24000', 2, 4000);
INSERT INTO PRICE_COURSE (Price_Rate_ID, CREDIT, PRICE) VALUES ('PR36000', 3, 6000);
INSERT INTO PRICE_COURSE (Price_Rate_ID, CREDIT, PRICE) VALUES ('PR48000', 4, 8000);
INSERT INTO PRICE_COURSE (Price_Rate_ID, CREDIT, PRICE) VALUES ('PR510000', 5, 10000);
INSERT INTO PRICE_COURSE (Price_Rate_ID, CREDIT, PRICE) VALUES ('PR612000', 6, 12000);


/* INSERT DATA IN COURSE TABLE */
/* Computer Engineering */
/* Semester 1 Year 1 */
INSERT INTO COURSE (COURSE_CODE, COURSE_TITLE, PRICE_RATE_ID) 
VALUES ("CPE100", "Computer Programming for Engineers", "PR36000");
INSERT INTO COURSE (COURSE_CODE, COURSE_TITLE, PRICE_RATE_ID)
VALUES ("CPE101", "Engineering Exploration", "PR36000");
INSERT INTO COURSE (COURSE_CODE, COURSE_TITLE, PRICE_RATE_ID)
VALUES ("CPE121", "Discrete Mathemathics for Computer Engineers", "PR36000");
INSERT INTO COURSE (COURSE_CODE, COURSE_TITLE, PRICE_RATE_ID)
VALUES ("LNG221", "Academic English in International Contexts", "PR36000");
INSERT INTO COURSE (COURSE_CODE, COURSE_TITLE, PRICE_RATE_ID)
VALUES ("MTH101", "Mathematics I", "PR36000");
INSERT INTO COURSE (COURSE_CODE, COURSE_TITLE, PRICE_RATE_ID)
VALUES ("PHY103", "General Physics for Engineering Students I", "PR36000");
/* Semester 2 Year 1 */
INSERT INTO COURSE (COURSE_CODE, COURSE_TITLE, PRICE_RATE_ID)
VALUES ("CPE111", "Programming with Data Structures", "PR36000");
INSERT INTO COURSE (COURSE_CODE, COURSE_TITLE, PRICE_RATE_ID)
VALUES ("GEN121", "Learning and Problem Solving Skills", "PR36000");
INSERT INTO COURSE (COURSE_CODE, COURSE_TITLE, PRICE_RATE_ID)
VALUES ("LNG222", "Academic Listening and Speaking", "PR36000");
INSERT INTO COURSE (COURSE_CODE, COURSE_TITLE, PRICE_RATE_ID)
VALUES ("CPE122", "Basic Circuits and Electronics", "PR36000");
INSERT INTO COURSE (COURSE_CODE, COURSE_TITLE, PRICE_RATE_ID)
VALUES ("MTH102", "Mathematics II", "PR36000");
INSERT INTO COURSE (COURSE_CODE, COURSE_TITLE, PRICE_RATE_ID)
VALUES ("PHY104", "General Physics for Engineering Students II", "PR36000");
/* Semester 1 Year 2 */
INSERT INTO COURSE (COURSE_CODE, COURSE_TITLE, PRICE_RATE_ID)
VALUES ("CPE212", "Algorithm Design", "PR36000");
INSERT INTO COURSE (COURSE_CODE, COURSE_TITLE, PRICE_RATE_ID)
VALUES ("CPE223", "Digital Electronics and Logic Design", "PR36000");
INSERT INTO COURSE (COURSE_CODE, COURSE_TITLE, PRICE_RATE_ID)
VALUES ("GEN101", "Physical Education", "PR12000");
INSERT INTO COURSE (COURSE_CODE, COURSE_TITLE, PRICE_RATE_ID)
VALUES ("GEN231", "Miracle of Thinking", "PR36000");
INSERT INTO COURSE (COURSE_CODE, COURSE_TITLE, PRICE_RATE_ID)
VALUES ("LNG321", "Academic Reading and Writing in International Contexts", "PR36000");
INSERT INTO COURSE (COURSE_CODE, COURSE_TITLE, PRICE_RATE_ID)
VALUES ("MTH201", "Mathematics III", "PR36000");
INSERT INTO COURSE (COURSE_CODE, COURSE_TITLE, PRICE_RATE_ID)
VALUES ("CHM103", "Fundamental Chemistry", "PR36000");
INSERT INTO COURSE (COURSE_CODE, COURSE_TITLE, PRICE_RATE_ID)
VALUES ("MIC101", "General Biology", "PR36000");
/* Semester 2 Year 2 */
INSERT INTO COURSE (COURSE_CODE, COURSE_TITLE, PRICE_RATE_ID)
VALUES ("CPE213", "Data Models", "PR36000");
INSERT INTO COURSE (COURSE_CODE, COURSE_TITLE, PRICE_RATE_ID)
VALUES ("CPE224", "Computer Architectures", "PR36000");
INSERT INTO COURSE (COURSE_CODE, COURSE_TITLE, PRICE_RATE_ID)
VALUES ("CPE231", "Database System", "PR36000");
INSERT INTO COURSE (COURSE_CODE, COURSE_TITLE, PRICE_RATE_ID)
VALUES ("GEN111", "Man and Ethics of Living", "PR36000");
INSERT INTO COURSE (COURSE_CODE, COURSE_TITLE, PRICE_RATE_ID)
VALUES ("GEN341", "Thai Indigenous Knowledge", "PR36000");
INSERT INTO COURSE (COURSE_CODE, COURSE_TITLE, PRICE_RATE_ID)
VALUES ("GEN352", "Technology and Innovation for Sustainable Development", "PR36000");
INSERT INTO COURSE (COURSE_CODE, COURSE_TITLE, PRICE_RATE_ID)
VALUES ("STA302", "Statistics for Engineers", "PR36000");
/* Semester 1 Year 3 */
INSERT INTO COURSE (COURSE_CODE, COURSE_TITLE, PRICE_RATE_ID)
VALUES ("CPE325", "Big Data", "PR36000");
INSERT INTO COURSE (COURSE_CODE, COURSE_TITLE, PRICE_RATE_ID)
VALUES ("CPE326", "Operating Systems", "PR36000");
INSERT INTO COURSE (COURSE_CODE, COURSE_TITLE, PRICE_RATE_ID)
VALUES ("CPE327", "Software Engineering", "PR36000");
INSERT INTO COURSE (COURSE_CODE, COURSE_TITLE, PRICE_RATE_ID)
VALUES ("CPE332", "Professional Issues in Computer Engineering", "PR12000");
INSERT INTO COURSE (COURSE_CODE, COURSE_TITLE, PRICE_RATE_ID)
VALUES ("GEN241", "Beauty of Life", "PR36000");
INSERT INTO COURSE (COURSE_CODE, COURSE_TITLE, PRICE_RATE_ID)
VALUES ("PRE380", "Engineering Ecnomics", "PR36000");
/* Semester 2 Year 3 */
INSERT INTO COURSE (COURSE_CODE, COURSE_TITLE, PRICE_RATE_ID)
VALUES ("CPE314", "Computer Networks", "PR36000");
INSERT INTO COURSE (COURSE_CODE, COURSE_TITLE, PRICE_RATE_ID)
VALUES ("CPE329", "Business Intelligence", "PR36000");
INSERT INTO COURSE (COURSE_CODE, COURSE_TITLE, PRICE_RATE_ID)
VALUES ("GEN351", "Modern Management and Leadship", "PR36000");
/* Semester 1 Year 4 */
INSERT INTO COURSE (COURSE_CODE, COURSE_TITLE, PRICE_RATE_ID)
VALUES ("CPE401", "Computer Engineering Project I", "PR36000");
INSERT INTO COURSE (COURSE_CODE, COURSE_TITLE, PRICE_RATE_ID)
VALUES ("CPE405", "Work-Integrated Learning I", "PR612000");
INSERT INTO COURSE (COURSE_CODE, COURSE_TITLE, PRICE_RATE_ID)
VALUES ("CPE403", "Independent Study I", "PR36000");
/* Semester 2 Year 4 */
INSERT INTO COURSE (COURSE_CODE, COURSE_TITLE, PRICE_RATE_ID)
VALUES ("CPE402", "Computer Engineering Project II", "PR36000");
INSERT INTO COURSE (COURSE_CODE, COURSE_TITLE, PRICE_RATE_ID)
VALUES ("CPE406", "Work-Integrated Learning II", "PR612000");
INSERT INTO COURSE (COURSE_CODE, COURSE_TITLE, PRICE_RATE_ID)
VALUES ("CPE404", "Independent Study II", "PR36000");
/* Elective Course */
INSERT INTO COURSE (COURSE_CODE, COURSE_TITLE, PRICE_RATE_ID)
VALUES ("GEN301", "Holistic Health Development", "PR36000");
INSERT INTO COURSE (COURSE_CODE, COURSE_TITLE, PRICE_RATE_ID)
VALUES ("GEN211", "The Philosophy of Sufficiency Economy", "PR36000");
INSERT INTO COURSE (COURSE_CODE, COURSE_TITLE, PRICE_RATE_ID)
VALUES ("GEN311", "Ethics in Science-based Society", "PR36000");
INSERT INTO COURSE (COURSE_CODE, COURSE_TITLE, PRICE_RATE_ID)
VALUES ("GEN411", "Personality Development and Public Speaking", "PR36000");
INSERT INTO COURSE (COURSE_CODE, COURSE_TITLE, PRICE_RATE_ID)
VALUES ("GEN412", "Science and Art of Living and Working", "PR36000");
INSERT INTO COURSE (COURSE_CODE, COURSE_TITLE, PRICE_RATE_ID)
VALUES ("GEN321", "The History of Civilization", "PR36000");
INSERT INTO COURSE (COURSE_CODE, COURSE_TITLE, PRICE_RATE_ID)
VALUES ("GEN421", "Integrative Social Sciences", "PR36000");
INSERT INTO COURSE (COURSE_CODE, COURSE_TITLE, PRICE_RATE_ID)
VALUES ("GEN331", "Man and Reasoning", "PR36000");
INSERT INTO COURSE (COURSE_CODE, COURSE_TITLE, PRICE_RATE_ID)
VALUES ("GEN441", "Culture and Excursion", "PR36000");
INSERT INTO COURSE (COURSE_CODE, COURSE_TITLE, PRICE_RATE_ID)
VALUES ("GEN353", "Managerial Psychology", "PR36000");
INSERT INTO COURSE (COURSE_CODE, COURSE_TITLE, PRICE_RATE_ID)
VALUES ("CPE315", "Signals and Linear Systems", "PR36000");
INSERT INTO COURSE (COURSE_CODE, COURSE_TITLE, PRICE_RATE_ID)
VALUES ("CPE341", "Optimization Design and Reliability Engineering", "PR36000");
INSERT INTO COURSE (COURSE_CODE, COURSE_TITLE, PRICE_RATE_ID)
VALUES ("CPE342", "Java Programming Language", "PR36000");
INSERT INTO COURSE (COURSE_CODE, COURSE_TITLE, PRICE_RATE_ID)
VALUES ("CPE343", "Object Oriented Analysis and Design", "PR36000");
INSERT INTO COURSE (COURSE_CODE, COURSE_TITLE, PRICE_RATE_ID)
VALUES ("CPE344", "Software Usability", "PR36000");
INSERT INTO COURSE (COURSE_CODE, COURSE_TITLE, PRICE_RATE_ID)
VALUES ("CPE345", "Automatic Control Systems", "PR36000");
INSERT INTO COURSE (COURSE_CODE, COURSE_TITLE, PRICE_RATE_ID)
VALUES ("CPE328", "Embedded Systems", "PR36000");
INSERT INTO COURSE (COURSE_CODE, COURSE_TITLE, PRICE_RATE_ID)
VALUES ("CPE351", "High Performance Computing and Cloud Technologies", "PR36000");
INSERT INTO COURSE (COURSE_CODE, COURSE_TITLE, PRICE_RATE_ID)
VALUES ("CPE452", "Data Mining", "PR36000");
INSERT INTO COURSE (COURSE_CODE, COURSE_TITLE, PRICE_RATE_ID)
VALUES ("CPE453", "Search Engine and Internet Mining", "PR36000");
INSERT INTO COURSE (COURSE_CODE, COURSE_TITLE, PRICE_RATE_ID)
VALUES ("CPE454", "Internet of Things", "PR36000");
INSERT INTO COURSE (COURSE_CODE, COURSE_TITLE, PRICE_RATE_ID)
VALUES ("CPE455", "Algorithms and Architecture for Geoinformatics", "PR36000");
INSERT INTO COURSE (COURSE_CODE, COURSE_TITLE, PRICE_RATE_ID)
VALUES ("CPE361", "Computer Graphics", "PR36000");
INSERT INTO COURSE (COURSE_CODE, COURSE_TITLE, PRICE_RATE_ID)
VALUES ("CPE462", "Digital Signal Processing", "PR36000");
INSERT INTO COURSE (COURSE_CODE, COURSE_TITLE, PRICE_RATE_ID)
VALUES ("CPE463", "Image Processing and Computer Vision", "PR36000");

/* Chemical Engineering */
/* Semester 1 Year 1 */
INSERT INTO COURSE (COURSE_CODE, COURSE_TITLE, PRICE_RATE_ID)
VALUES ("CHE103", "Material and Energy Balances", "PR36000");
INSERT INTO COURSE (COURSE_CODE, COURSE_TITLE, PRICE_RATE_ID)
VALUES ("CHM160", "Chemistry Laboratory", "PR12000");
INSERT INTO COURSE (COURSE_CODE, COURSE_TITLE, PRICE_RATE_ID)
VALUES ("PHY191", "General Physics Laboratory I", "PR12000");
/* Semester 2 Year 1 */
INSERT INTO COURSE (COURSE_CODE, COURSE_TITLE, PRICE_RATE_ID)
VALUES ("CHE210", "Organic Chemistry", "PR36000");
INSERT INTO COURSE (COURSE_CODE, COURSE_TITLE, PRICE_RATE_ID)
VALUES ("CHE241", "Thermodynamics I", "PR36000");
INSERT INTO COURSE (COURSE_CODE, COURSE_TITLE, PRICE_RATE_ID)
VALUES ("MEE111", "Engineering Drawing", "PR36000");
INSERT INTO COURSE (COURSE_CODE, COURSE_TITLE, PRICE_RATE_ID)
VALUES ("PHY192", "General Physics Laboratory II", "PR12000");
/* Semester 1 Year 2 */
INSERT INTO COURSE (COURSE_CODE, COURSE_TITLE, PRICE_RATE_ID)
VALUES ("CHE212", "Organic Chemistry Laboratory", "PR12000");
INSERT INTO COURSE (COURSE_CODE, COURSE_TITLE, PRICE_RATE_ID)
VALUES ("CHE214", "Basic Science", "PR36000");
INSERT INTO COURSE (COURSE_CODE, COURSE_TITLE, PRICE_RATE_ID)
VALUES ("CHE232", "Momentum, Heat and Mass Transfer", "PR36000");
INSERT INTO COURSE (COURSE_CODE, COURSE_TITLE, PRICE_RATE_ID)
VALUES ("CHE242", "Thermodynamics II", "PR36000");
/* Semester 2 Year 2 */
INSERT INTO COURSE (COURSE_CODE, COURSE_TITLE, PRICE_RATE_ID)
VALUES ("CHE333", "Fluid Mechanics and Equipment Design", "PR36000");
INSERT INTO COURSE (COURSE_CODE, COURSE_TITLE, PRICE_RATE_ID)
VALUES ("CHE334", "Heat Transfer and Equipment Design", "PR36000");
INSERT INTO COURSE (COURSE_CODE, COURSE_TITLE, PRICE_RATE_ID)
VALUES ("MEE214", "Engineering Mechanics", "PR36000");
INSERT INTO COURSE (COURSE_CODE, COURSE_TITLE, PRICE_RATE_ID)
VALUES ("PRE372", "Probability and Statistics for Engineers", "PR36000");
/* Semester 1 Year 3 */
INSERT INTO COURSE (COURSE_CODE, COURSE_TITLE, PRICE_RATE_ID)
VALUES ("CHE335", "Mass Transfer and Equipment Design", "PR36000");
INSERT INTO COURSE (COURSE_CODE, COURSE_TITLE, PRICE_RATE_ID)
VALUES ("CHE343", "Chemical Kinetics and Reactor Design", "PR36000");
INSERT INTO COURSE (COURSE_CODE, COURSE_TITLE, PRICE_RATE_ID)
VALUES ("CHE471", "Engineering Materials and Selection", "PR36000");
INSERT INTO COURSE (COURSE_CODE, COURSE_TITLE, PRICE_RATE_ID)
VALUES ("CHE481", "Chemical Engineering Laboratory I", "PR24000");
INSERT INTO COURSE (COURSE_CODE, COURSE_TITLE, PRICE_RATE_ID)
VALUES ("MTH303", "Numerical Methods", "PR36000");
/* Semester 2 Year 3 */
INSERT INTO COURSE (COURSE_CODE, COURSE_TITLE, PRICE_RATE_ID)
VALUES ("CHE451", "Process Equipment Design", "PR36000");
INSERT INTO COURSE (COURSE_CODE, COURSE_TITLE, PRICE_RATE_ID)
VALUES ("CHE461", "Process Dynamics and Control", "PR36000");
INSERT INTO COURSE (COURSE_CODE, COURSE_TITLE, PRICE_RATE_ID)
VALUES ("CHE462", "Controls and Instrumentations for Chemical Processes", "PR36000");
INSERT INTO COURSE (COURSE_CODE, COURSE_TITLE, PRICE_RATE_ID)
VALUES ("CHE482", "Chemical Engineering Laboratory II", "PR24000");
/* Semester 1 Year 4 */
INSERT INTO COURSE (COURSE_CODE, COURSE_TITLE, PRICE_RATE_ID)
VALUES ("CHE452", "Chemical Engineering Plant Design", "PR36000");
INSERT INTO COURSE (COURSE_CODE, COURSE_TITLE, PRICE_RATE_ID)
VALUES ("CHE472", "Process Safety and Waste Management", "PR36000");
INSERT INTO COURSE (COURSE_CODE, COURSE_TITLE, PRICE_RATE_ID)
VALUES ("CHE483", "Undergraduate Seminar", "PR12000");
INSERT INTO COURSE (COURSE_CODE, COURSE_TITLE, PRICE_RATE_ID)
VALUES ("CHE484", "Chemical Engineering Project I", "PR24000");
/* Semester 2 Year 4 */
INSERT INTO COURSE (COURSE_CODE, COURSE_TITLE, PRICE_RATE_ID)
VALUES ("CHE454", "Chemical Engineering Design Project", "PR36000");
INSERT INTO COURSE (COURSE_CODE, COURSE_TITLE, PRICE_RATE_ID)
VALUES ("CHE485", "Chemical Engineering Project II", "PR12000");
INSERT INTO COURSE (COURSE_CODE, COURSE_TITLE, PRICE_RATE_ID)
VALUES ("PRE290", "Industrial Organization and Management", "PR36000");
/* Elective Course */
INSERT INTO COURSE (COURSE_CODE, COURSE_TITLE, PRICE_RATE_ID)
VALUES ("GEN201", "Art and Science of Cooking and Eating", "PR36000");
INSERT INTO COURSE (COURSE_CODE, COURSE_TITLE, PRICE_RATE_ID)
VALUES ("GEN212", "The Philosophy of Sufficiency Economy", "PR36000");
INSERT INTO COURSE (COURSE_CODE, COURSE_TITLE, PRICE_RATE_ID)
VALUES ("GEN222", "Thai Society, Culture and Contemporary Issues", "PR36000");
INSERT INTO COURSE (COURSE_CODE, COURSE_TITLE, PRICE_RATE_ID)
VALUES ("GEN223", "Disaster Preparedness", "PR36000");
INSERT INTO COURSE (COURSE_CODE, COURSE_TITLE, PRICE_RATE_ID)
VALUES ("GEN224", "Livable City", "PR36000");
INSERT INTO COURSE (COURSE_CODE, COURSE_TITLE, PRICE_RATE_ID)
VALUES ("GEN225", "Reflective Journal Writing for Self-Improvement", "PR36000");
INSERT INTO COURSE (COURSE_CODE, COURSE_TITLE, PRICE_RATE_ID)
VALUES ("GEN232", "Community Based Research and Innovation", "PR36000");
INSERT INTO COURSE (COURSE_CODE, COURSE_TITLE, PRICE_RATE_ID)
VALUES ("GEN332", "Science Storytelling", "PR36000");
INSERT INTO COURSE (COURSE_CODE, COURSE_TITLE, PRICE_RATE_ID)
VALUES ("GEN242", "Chinese Philosophy and Ways of Life", "PR36000");
INSERT INTO COURSE (COURSE_CODE, COURSE_TITLE, PRICE_RATE_ID)
VALUES ("CHE510", "Polymer Science and Technology", "PR36000");
INSERT INTO COURSE (COURSE_CODE, COURSE_TITLE, PRICE_RATE_ID)
VALUES ("CHE512", "Synthetic Membrane Technology", "PR36000");
INSERT INTO COURSE (COURSE_CODE, COURSE_TITLE, PRICE_RATE_ID)
VALUES ("CHE513", "Biosystem Engineering", "PR36000");
INSERT INTO COURSE (COURSE_CODE, COURSE_TITLE, PRICE_RATE_ID)
VALUES ("CHE514", "Surfactant Science and Technology", "PR36000");
INSERT INTO COURSE (COURSE_CODE, COURSE_TITLE, PRICE_RATE_ID)
VALUES ("CHE520", "Prtrolerum and Petrochemical Technology", "PR36000");
INSERT INTO COURSE (COURSE_CODE, COURSE_TITLE, PRICE_RATE_ID)
VALUES ("CHE522", "Design Know-How I: Natural Gas Industry", "PR36000");
INSERT INTO COURSE (COURSE_CODE, COURSE_TITLE, PRICE_RATE_ID)
VALUES ("CHE523", "Design Know-How II: Petrochemical Industry", "PR36000");
INSERT INTO COURSE (COURSE_CODE, COURSE_TITLE, PRICE_RATE_ID)
VALUES ("CHE530", "Industrial Waste Treatment", "PR36000");
INSERT INTO COURSE (COURSE_CODE, COURSE_TITLE, PRICE_RATE_ID)
VALUES ("CHE540", "Biochemical Engineering", "PR36000");
INSERT INTO COURSE (COURSE_CODE, COURSE_TITLE, PRICE_RATE_ID)
VALUES ("CHE541", "Food Science for Chemical", "PR36000");
INSERT INTO COURSE (COURSE_CODE, COURSE_TITLE, PRICE_RATE_ID)
VALUES ("CHE542", "Food Manufacturing", "PR36000");
INSERT INTO COURSE (COURSE_CODE, COURSE_TITLE, PRICE_RATE_ID)
VALUES ("CHE543", "Heterogeneous Catalytic Reaction Engineering", "PR36000");
INSERT INTO COURSE (COURSE_CODE, COURSE_TITLE, PRICE_RATE_ID)
VALUES ("CHE544", "Heat Driven Cooling Technology", "PR36000");
INSERT INTO COURSE (COURSE_CODE, COURSE_TITLE, PRICE_RATE_ID)
VALUES ("CHE546", "Biofuel Production and Utilization", "PR36000");
INSERT INTO COURSE (COURSE_CODE, COURSE_TITLE, PRICE_RATE_ID)
VALUES ("CHE547", "Introduction to Biopharmaceutical Engineering", "PR36000");

/* Civil Engineering */
/* Semester 1 Year 1 */
INSERT INTO COURSE (COURSE_CODE, COURSE_TITLE, PRICE_RATE_ID)
VALUES ("CVE101", "Engineering Drawing", "PR36000");
INSERT INTO COURSE (COURSE_CODE, COURSE_TITLE, PRICE_RATE_ID)
VALUES ("LNG105", "Academic English for International Students", "PR36000");
INSERT INTO COURSE (COURSE_CODE, COURSE_TITLE, PRICE_RATE_ID)
VALUES ("MEN111", "Engineering Materials", "PR36000");
/* Semester 2 Year 1 */
INSERT INTO COURSE (COURSE_CODE, COURSE_TITLE, PRICE_RATE_ID)
VALUES ("CVE100", "Computer Programming for Civil Engineering", "PR36000");
INSERT INTO COURSE (COURSE_CODE, COURSE_TITLE, PRICE_RATE_ID)
VALUES ("CVE111", "Engineering Drawing", "PR36000");
INSERT INTO COURSE (COURSE_CODE, COURSE_TITLE, PRICE_RATE_ID)
VALUES ("LNG106", "Academic Listening and Speaking", "PR36000");
/* Semester 1 Year 2 */
INSERT INTO COURSE (COURSE_CODE, COURSE_TITLE, PRICE_RATE_ID)
VALUES ("CVE231", "Engineering Mechanics", "PR36000");
INSERT INTO COURSE (COURSE_CODE, COURSE_TITLE, PRICE_RATE_ID)
VALUES ("CVE221", "Surveying", "PR36000");
INSERT INTO COURSE (COURSE_CODE, COURSE_TITLE, PRICE_RATE_ID)
VALUES ("CVE223", "Mechanics of Materials", "PR36000");
INSERT INTO COURSE (COURSE_CODE, COURSE_TITLE, PRICE_RATE_ID)
VALUES ("CVE236", "Civil Engineering Materials", "PR36000");
INSERT INTO COURSE (COURSE_CODE, COURSE_TITLE, PRICE_RATE_ID)
VALUES ("LNG107", "Academic Reading and Writing", "PR36000");
/* Semester 2 Year 2 */
INSERT INTO COURSE (COURSE_CODE, COURSE_TITLE, PRICE_RATE_ID)
VALUES ("CVE200", "Statistics for Civil Engineering", "PR36000");
INSERT INTO COURSE (COURSE_CODE, COURSE_TITLE, PRICE_RATE_ID)
VALUES ("CVE233", "Surveying Practices", "PR12000");
INSERT INTO COURSE (COURSE_CODE, COURSE_TITLE, PRICE_RATE_ID)
VALUES ("CVE240", "Applied Mathematics for Civil Engineers", "PR36000");
INSERT INTO COURSE (COURSE_CODE, COURSE_TITLE, PRICE_RATE_ID)
VALUES ("CVE261", "Earth Science", "PR24000");
INSERT INTO COURSE (COURSE_CODE, COURSE_TITLE, PRICE_RATE_ID)
VALUES ("CVE281", "Fluid Mechanics", "PR36000");
/* Semester 1 Year 3 */
INSERT INTO COURSE (COURSE_CODE, COURSE_TITLE, PRICE_RATE_ID)
VALUES ("CVE335", "Cement and Concrete Materials", "PR24000");
INSERT INTO COURSE (COURSE_CODE, COURSE_TITLE, PRICE_RATE_ID)
VALUES ("CVE337", "Structural Analysis I", "PR36000");
INSERT INTO COURSE (COURSE_CODE, COURSE_TITLE, PRICE_RATE_ID)
VALUES ("CVE362", "Soil Mechanics", "PR36000");
INSERT INTO COURSE (COURSE_CODE, COURSE_TITLE, PRICE_RATE_ID)
VALUES ("CVE363", "Soil Mechanics Laboratory", "PR12000");
INSERT INTO COURSE (COURSE_CODE, COURSE_TITLE, PRICE_RATE_ID)
VALUES ("CVE382", "Hydraulic Engineering", "PR36000");
INSERT INTO COURSE (COURSE_CODE, COURSE_TITLE, PRICE_RATE_ID)
VALUES ("CVE386", "Hydrosphere", "PR36000");
INSERT INTO COURSE (COURSE_CODE, COURSE_TITLE, PRICE_RATE_ID)
VALUES ("CVE394", "Hydraulics Laboratory", "PR12000");
/* Semester 2 Year 3 */
INSERT INTO COURSE (COURSE_CODE, COURSE_TITLE, PRICE_RATE_ID)
VALUES ("CVE338", "Structural Analysis II", "PR36000");
INSERT INTO COURSE (COURSE_CODE, COURSE_TITLE, PRICE_RATE_ID)
VALUES ("CVE341", "Steel and Timber Design", "PR48000");
INSERT INTO COURSE (COURSE_CODE, COURSE_TITLE, PRICE_RATE_ID)
VALUES ("CVE342", "Reinforced Concrete Design", "PR48000");
INSERT INTO COURSE (COURSE_CODE, COURSE_TITLE, PRICE_RATE_ID)
VALUES ("CVE371", "Highway Engineering", "PR36000");
/* Semester 1 Year 4 */
INSERT INTO COURSE (COURSE_CODE, COURSE_TITLE, PRICE_RATE_ID)
VALUES ("CVE401", "Civil Engineering Capstone Project Proposal", "PR12000");
INSERT INTO COURSE (COURSE_CODE, COURSE_TITLE, PRICE_RATE_ID)
VALUES ("CVE415", "Construction Management", "PR36000");
/* Semester 2 Year 4 */
INSERT INTO COURSE (COURSE_CODE, COURSE_TITLE, PRICE_RATE_ID)
VALUES ("CVE402", "Civil Engineering Capstone Project", "PR36000");
/* Elective Course */
INSERT INTO COURSE (COURSE_CODE, COURSE_TITLE, PRICE_RATE_ID)
VALUES ("CVE443", "Building Design", "PR36000");
INSERT INTO COURSE (COURSE_CODE, COURSE_TITLE, PRICE_RATE_ID)
VALUES ("CVE444", "Prestressed Concrete Design", "PR36000");
INSERT INTO COURSE (COURSE_CODE, COURSE_TITLE, PRICE_RATE_ID)
VALUES ("CVE445", "Plastic Design of Steel Structures", "PR36000");
INSERT INTO COURSE (COURSE_CODE, COURSE_TITLE, PRICE_RATE_ID)
VALUES ("CVE446", "Bridge Design", "PR36000");
INSERT INTO COURSE (COURSE_CODE, COURSE_TITLE, PRICE_RATE_ID)
VALUES ("CVE447", "Civil Engineering Design", "PR36000");
INSERT INTO COURSE (COURSE_CODE, COURSE_TITLE, PRICE_RATE_ID)
VALUES ("CVE448", "Fundamental of Finite Element Method", "PR36000");
INSERT INTO COURSE (COURSE_CODE, COURSE_TITLE, PRICE_RATE_ID)
VALUES ("CVE449", "Load and Resistance Factor Design of Steel Structures", "PR36000");
INSERT INTO COURSE (COURSE_CODE, COURSE_TITLE, PRICE_RATE_ID)
VALUES ("CVE226", "Route Surveying", "PR36000");
INSERT INTO COURSE (COURSE_CODE, COURSE_TITLE, PRICE_RATE_ID)
VALUES ("CVE421", "Digital Photogrammetry", "PR36000");
INSERT INTO COURSE (COURSE_CODE, COURSE_TITLE, PRICE_RATE_ID)
VALUES ("CVE422", "Satellite Image Analysis", "PR36000");
INSERT INTO COURSE (COURSE_CODE, COURSE_TITLE, PRICE_RATE_ID)
VALUES ("CVE425", "Satellite Surveying", "PR36000");
INSERT INTO COURSE (COURSE_CODE, COURSE_TITLE, PRICE_RATE_ID)
VALUES ("CVE426", "Introduction to Geographic Information System", "PR36000");
INSERT INTO COURSE (COURSE_CODE, COURSE_TITLE, PRICE_RATE_ID)
VALUES ("CVE428", "Adjustment Computation in Surveying", "PR36000");
INSERT INTO COURSE (COURSE_CODE, COURSE_TITLE, PRICE_RATE_ID)
VALUES ("CVE372", "Transportation Engineering", "PR36000");
INSERT INTO COURSE (COURSE_CODE, COURSE_TITLE, PRICE_RATE_ID)
VALUES ("CVE473", "Traffic Engineering", "PR36000");


/* INSERT DATA IN CORE COURSE TABLE */
/* Computer Engineering*/
INSERT INTO CORE_COURSE (COURSE_CODE, DEPARTMENT, CORE_COURSE, SEMESTER, YEAR)
VALUES ("CPE100", "Computer Engineering", 1, 1, 1);
INSERT INTO CORE_COURSE (COURSE_CODE, DEPARTMENT, CORE_COURSE, SEMESTER, YEAR)
VALUES ("CPE101", "Computer Engineering", 1, 1, 1);
INSERT INTO CORE_COURSE (COURSE_CODE, DEPARTMENT, CORE_COURSE, SEMESTER, YEAR)
VALUES ("CPE121", "Computer Engineering", 1, 1, 1);
INSERT INTO CORE_COURSE (COURSE_CODE, DEPARTMENT, CORE_COURSE, SEMESTER, YEAR)
VALUES ("LNG221", "Computer Engineering", 1, 1, 1);
INSERT INTO CORE_COURSE (COURSE_CODE, DEPARTMENT, CORE_COURSE, SEMESTER, YEAR)
VALUES ("MTH101", "Computer Engineering", 1, 1, 1);
INSERT INTO CORE_COURSE (COURSE_CODE, DEPARTMENT, CORE_COURSE, SEMESTER, YEAR)
VALUES ("PHY103", "Computer Engineering", 1, 1, 1);
INSERT INTO CORE_COURSE (COURSE_CODE, DEPARTMENT, CORE_COURSE, SEMESTER, YEAR)
VALUES ("CPE111", "Computer Engineering", 1, 2, 1);
INSERT INTO CORE_COURSE (COURSE_CODE, DEPARTMENT, CORE_COURSE, SEMESTER, YEAR)
VALUES ("CPE122", "Computer Engineering", 1, 2, 1);
INSERT INTO CORE_COURSE (COURSE_CODE, DEPARTMENT, CORE_COURSE, SEMESTER, YEAR)
VALUES ("GEN121", "Computer Engineering", 1, 2, 1);
INSERT INTO CORE_COURSE (COURSE_CODE, DEPARTMENT, CORE_COURSE, SEMESTER, YEAR)
VALUES ("LNG222", "Computer Engineering", 1, 2, 1);
INSERT INTO CORE_COURSE (COURSE_CODE, DEPARTMENT, CORE_COURSE, SEMESTER, YEAR)
VALUES ("MTH102", "Computer Engineering", 1, 2, 1);
INSERT INTO CORE_COURSE (COURSE_CODE, DEPARTMENT, CORE_COURSE, SEMESTER, YEAR)
VALUES ("PHY104", "Computer Engineering", 1, 2, 1);
INSERT INTO CORE_COURSE (COURSE_CODE, DEPARTMENT, CORE_COURSE, SEMESTER, YEAR)
VALUES ("CPE212", "Computer Engineering", 1, 1, 2);
INSERT INTO CORE_COURSE (COURSE_CODE, DEPARTMENT, CORE_COURSE, SEMESTER, YEAR)
VALUES ("CPE223", "Computer Engineering", 1, 1, 2);
INSERT INTO CORE_COURSE (COURSE_CODE, DEPARTMENT, CORE_COURSE, SEMESTER, YEAR)
VALUES ("GEN101", "Computer Engineering", 1, 1, 2);
INSERT INTO CORE_COURSE (COURSE_CODE, DEPARTMENT, CORE_COURSE, SEMESTER, YEAR)
VALUES ("GEN231", "Computer Engineering", 1, 1, 2);
INSERT INTO CORE_COURSE (COURSE_CODE, DEPARTMENT, CORE_COURSE, SEMESTER, YEAR)
VALUES ("LNG321", "Computer Engineering", 1, 1, 2);
INSERT INTO CORE_COURSE (COURSE_CODE, DEPARTMENT, CORE_COURSE, SEMESTER, YEAR)
VALUES ("MTH201", "Computer Engineering", 1, 1, 2);
INSERT INTO CORE_COURSE (COURSE_CODE, DEPARTMENT, CORE_COURSE, SEMESTER, YEAR)
VALUES ("CHM103", "Computer Engineering", 1, 1, 2);
INSERT INTO CORE_COURSE (COURSE_CODE, DEPARTMENT, CORE_COURSE, SEMESTER, YEAR)
VALUES ("MIC101", "Computer Engineering", 1, 1, 2);
INSERT INTO CORE_COURSE (COURSE_CODE, DEPARTMENT, CORE_COURSE, SEMESTER, YEAR)
VALUES ("CPE213", "Computer Engineering", 1, 2, 2);
INSERT INTO CORE_COURSE (COURSE_CODE, DEPARTMENT, CORE_COURSE, SEMESTER, YEAR)
VALUES ("CPE224", "Computer Engineering", 1, 2, 2);
INSERT INTO CORE_COURSE (COURSE_CODE, DEPARTMENT, CORE_COURSE, SEMESTER, YEAR)
VALUES ("CPE231", "Computer Engineering", 1, 2, 2);
INSERT INTO CORE_COURSE (COURSE_CODE, DEPARTMENT, CORE_COURSE, SEMESTER, YEAR)
VALUES ("STA302", "Computer Engineering", 1, 2, 2);
INSERT INTO CORE_COURSE (COURSE_CODE, DEPARTMENT, CORE_COURSE, SEMESTER, YEAR)
VALUES ("GEN111", "Computer Engineering", 1, 2, 2);
INSERT INTO CORE_COURSE (COURSE_CODE, DEPARTMENT, CORE_COURSE, SEMESTER, YEAR)
VALUES ("CPE325", "Computer Engineering", 1, 1, 3);
INSERT INTO CORE_COURSE (COURSE_CODE, DEPARTMENT, CORE_COURSE, SEMESTER, YEAR)
VALUES ("CPE326", "Computer Engineering", 1, 1, 3);
INSERT INTO CORE_COURSE (COURSE_CODE, DEPARTMENT, CORE_COURSE, SEMESTER, YEAR)
VALUES ("CPE327", "Computer Engineering", 1, 1, 3);
INSERT INTO CORE_COURSE (COURSE_CODE, DEPARTMENT, CORE_COURSE, SEMESTER, YEAR)
VALUES ("CPE332", "Computer Engineering", 1, 1, 3);
INSERT INTO CORE_COURSE (COURSE_CODE, DEPARTMENT, CORE_COURSE, SEMESTER, YEAR)
VALUES ("GEN241", "Computer Engineering", 1, 1, 3);
INSERT INTO CORE_COURSE (COURSE_CODE, DEPARTMENT, CORE_COURSE, SEMESTER, YEAR)
VALUES ("PRE380", "Computer Engineering", 1, 1, 3);
INSERT INTO CORE_COURSE (COURSE_CODE, DEPARTMENT, CORE_COURSE, SEMESTER, YEAR)
VALUES ("CPE314", "Computer Engineering", 1, 2, 3);
INSERT INTO CORE_COURSE (COURSE_CODE, DEPARTMENT, CORE_COURSE, SEMESTER, YEAR)
VALUES ("CPE329", "Computer Engineering", 1, 2, 3);
INSERT INTO CORE_COURSE (COURSE_CODE, DEPARTMENT, CORE_COURSE, SEMESTER, YEAR)
VALUES ("GEN351", "Computer Engineering", 1, 2, 3);
INSERT INTO CORE_COURSE (COURSE_CODE, DEPARTMENT, CORE_COURSE, SEMESTER, YEAR)
VALUES ("CPE401", "Computer Engineering", 1, 1, 4);
INSERT INTO CORE_COURSE (COURSE_CODE, DEPARTMENT, CORE_COURSE, SEMESTER, YEAR)
VALUES ("CPE405", "Computer Engineering", 1, 1, 4);
INSERT INTO CORE_COURSE (COURSE_CODE, DEPARTMENT, CORE_COURSE, SEMESTER, YEAR)
VALUES ("CPE403", "Computer Engineering", 1, 1, 4);
INSERT INTO CORE_COURSE (COURSE_CODE, DEPARTMENT, CORE_COURSE, SEMESTER, YEAR)
VALUES ("CPE402", "Computer Engineering", 1, 2, 4);
INSERT INTO CORE_COURSE (COURSE_CODE, DEPARTMENT, CORE_COURSE, SEMESTER, YEAR)
VALUES ("CPE406", "Computer Engineering", 1, 2, 4);
INSERT INTO CORE_COURSE (COURSE_CODE, DEPARTMENT, CORE_COURSE, SEMESTER, YEAR)
VALUES ("CPE404", "Computer Engineering", 1, 2, 4);
/* Elective Course */
INSERT INTO CORE_COURSE (COURSE_CODE, DEPARTMENT, CORE_COURSE, SEMESTER, YEAR)
VALUES ("GEN301", "Computer Engineering", 0, 1, 1);
INSERT INTO CORE_COURSE (COURSE_CODE, DEPARTMENT, CORE_COURSE, SEMESTER, YEAR)
VALUES ("GEN211", "Computer Engineering", 0, 1, 1);
INSERT INTO CORE_COURSE (COURSE_CODE, DEPARTMENT, CORE_COURSE, SEMESTER, YEAR)
VALUES ("GEN311", "Computer Engineering", 0, 1, 1);
INSERT INTO CORE_COURSE (COURSE_CODE, DEPARTMENT, CORE_COURSE, SEMESTER, YEAR)
VALUES ("GEN411", "Computer Engineering", 0, 1, 1);
INSERT INTO CORE_COURSE (COURSE_CODE, DEPARTMENT, CORE_COURSE, SEMESTER, YEAR)
VALUES ("GEN412", "Computer Engineering", 0, 1, 1);
INSERT INTO CORE_COURSE (COURSE_CODE, DEPARTMENT, CORE_COURSE, SEMESTER, YEAR)
VALUES ("GEN321", "Computer Engineering", 0, 1, 1);
INSERT INTO CORE_COURSE (COURSE_CODE, DEPARTMENT, CORE_COURSE, SEMESTER, YEAR)
VALUES ("GEN421", "Computer Engineering", 0, 1, 1);
INSERT INTO CORE_COURSE (COURSE_CODE, DEPARTMENT, CORE_COURSE, SEMESTER, YEAR)
VALUES ("GEN331", "Computer Engineering", 0, 1, 1);
INSERT INTO CORE_COURSE (COURSE_CODE, DEPARTMENT, CORE_COURSE, SEMESTER, YEAR)
VALUES ("GEN341", "Computer Engineering", 0, 1, 1);
INSERT INTO CORE_COURSE (COURSE_CODE, DEPARTMENT, CORE_COURSE, SEMESTER, YEAR)
VALUES ("GEN441", "Computer Engineering", 0, 1, 1);
INSERT INTO CORE_COURSE (COURSE_CODE, DEPARTMENT, CORE_COURSE, SEMESTER, YEAR)
VALUES ("GEN352", "Computer Engineering", 0, 1, 1);
INSERT INTO CORE_COURSE (COURSE_CODE, DEPARTMENT, CORE_COURSE, SEMESTER, YEAR)
VALUES ("GEN353", "Computer Engineering", 0, 1, 1);
INSERT INTO CORE_COURSE (COURSE_CODE, DEPARTMENT, CORE_COURSE, SEMESTER, YEAR)
VALUES ("CPE315", "Computer Engineering", 0, 1, 1);
INSERT INTO CORE_COURSE (COURSE_CODE, DEPARTMENT, CORE_COURSE, SEMESTER, YEAR)
VALUES ("CPE341", "Computer Engineering", 0, 1, 1);
INSERT INTO CORE_COURSE (COURSE_CODE, DEPARTMENT, CORE_COURSE, SEMESTER, YEAR)
VALUES ("CPE342", "Computer Engineering", 0, 1, 1);
INSERT INTO CORE_COURSE (COURSE_CODE, DEPARTMENT, CORE_COURSE, SEMESTER, YEAR)
VALUES ("CPE343", "Computer Engineering", 0, 1, 1);
INSERT INTO CORE_COURSE (COURSE_CODE, DEPARTMENT, CORE_COURSE, SEMESTER, YEAR)
VALUES ("CPE344", "Computer Engineering", 0, 1, 1);
INSERT INTO CORE_COURSE (COURSE_CODE, DEPARTMENT, CORE_COURSE, SEMESTER, YEAR)
VALUES ("CPE345", "Computer Engineering", 0, 1, 1);
INSERT INTO CORE_COURSE (COURSE_CODE, DEPARTMENT, CORE_COURSE, SEMESTER, YEAR)
VALUES ("CPE328", "Computer Engineering", 0, 1, 1);
INSERT INTO CORE_COURSE (COURSE_CODE, DEPARTMENT, CORE_COURSE, SEMESTER, YEAR)
VALUES ("CPE351", "Computer Engineering", 0, 1, 1);
INSERT INTO CORE_COURSE (COURSE_CODE, DEPARTMENT, CORE_COURSE, SEMESTER, YEAR)
VALUES ("CPE452", "Computer Engineering", 0, 1, 1);
INSERT INTO CORE_COURSE (COURSE_CODE, DEPARTMENT, CORE_COURSE, SEMESTER, YEAR)
VALUES ("CPE453", "Computer Engineering", 0, 1, 1);
INSERT INTO CORE_COURSE (COURSE_CODE, DEPARTMENT, CORE_COURSE, SEMESTER, YEAR)
VALUES ("CPE454", "Computer Engineering", 0, 1, 1);
INSERT INTO CORE_COURSE (COURSE_CODE, DEPARTMENT, CORE_COURSE, SEMESTER, YEAR)
VALUES ("CPE455", "Computer Engineering", 0, 1, 1);
INSERT INTO CORE_COURSE (COURSE_CODE, DEPARTMENT, CORE_COURSE, SEMESTER, YEAR)
VALUES ("CPE361", "Computer Engineering", 0, 1, 1);
INSERT INTO CORE_COURSE (COURSE_CODE, DEPARTMENT, CORE_COURSE, SEMESTER, YEAR)
VALUES ("CPE462", "Computer Engineering", 0, 1, 1);
INSERT INTO CORE_COURSE (COURSE_CODE, DEPARTMENT, CORE_COURSE, SEMESTER, YEAR)
VALUES ("CPE463", "Computer Engineering", 0, 1, 1);

/* Chemical Engineering */
INSERT INTO CORE_COURSE (COURSE_CODE, DEPARTMENT, CORE_COURSE, SEMESTER, YEAR)
VALUES ("CHE103", "Chemical Engineering", 1, 1, 1);
INSERT INTO CORE_COURSE (COURSE_CODE, DEPARTMENT, CORE_COURSE, SEMESTER, YEAR)
VALUES ("CHM103", "Chemical Engineering", 1, 1, 1);
INSERT INTO CORE_COURSE (COURSE_CODE, DEPARTMENT, CORE_COURSE, SEMESTER, YEAR)
VALUES ("CHM160", "Chemical Engineering", 1, 1, 1);
INSERT INTO CORE_COURSE (COURSE_CODE, DEPARTMENT, CORE_COURSE, SEMESTER, YEAR)
VALUES ("GEN101", "Chemical Engineering", 1, 1, 1);
INSERT INTO CORE_COURSE (COURSE_CODE, DEPARTMENT, CORE_COURSE, SEMESTER, YEAR)
VALUES ("LNG221", "Chemical Engineering", 1, 1, 1);
INSERT INTO CORE_COURSE (COURSE_CODE, DEPARTMENT, CORE_COURSE, SEMESTER, YEAR)
VALUES ("MTH101", "Chemical Engineering", 1, 1, 1);
INSERT INTO CORE_COURSE (COURSE_CODE, DEPARTMENT, CORE_COURSE, SEMESTER, YEAR)
VALUES ("PHY103", "Chemical Engineering", 1, 1, 1);
INSERT INTO CORE_COURSE (COURSE_CODE, DEPARTMENT, CORE_COURSE, SEMESTER, YEAR)
VALUES ("PHY191", "Chemical Engineering", 1, 1, 1);
INSERT INTO CORE_COURSE (COURSE_CODE, DEPARTMENT, CORE_COURSE, SEMESTER, YEAR)
VALUES ("CHE210", "Chemical Engineering", 1, 2, 1);
INSERT INTO CORE_COURSE (COURSE_CODE, DEPARTMENT, CORE_COURSE, SEMESTER, YEAR)
VALUES ("CHE241", "Chemical Engineering", 1, 2, 1);
INSERT INTO CORE_COURSE (COURSE_CODE, DEPARTMENT, CORE_COURSE, SEMESTER, YEAR)
VALUES ("LNG222", "Chemical Engineering", 1, 2, 1);
INSERT INTO CORE_COURSE (COURSE_CODE, DEPARTMENT, CORE_COURSE, SEMESTER, YEAR)
VALUES ("MEE111", "Chemical Engineering", 1, 2, 1);
INSERT INTO CORE_COURSE (COURSE_CODE, DEPARTMENT, CORE_COURSE, SEMESTER, YEAR)
VALUES ("MTH102", "Chemical Engineering", 1, 2, 1);
INSERT INTO CORE_COURSE (COURSE_CODE, DEPARTMENT, CORE_COURSE, SEMESTER, YEAR)
VALUES ("PHY104", "Chemical Engineering", 1, 2, 1);
INSERT INTO CORE_COURSE (COURSE_CODE, DEPARTMENT, CORE_COURSE, SEMESTER, YEAR)
VALUES ("PHY192", "Chemical Engineering", 1, 2, 1);
INSERT INTO CORE_COURSE (COURSE_CODE, DEPARTMENT, CORE_COURSE, SEMESTER, YEAR)
VALUES ("CHE212", "Chemical Engineering", 1, 1, 2);
INSERT INTO CORE_COURSE (COURSE_CODE, DEPARTMENT, CORE_COURSE, SEMESTER, YEAR)
VALUES ("CHE214", "Chemical Engineering", 1, 1, 2);
INSERT INTO CORE_COURSE (COURSE_CODE, DEPARTMENT, CORE_COURSE, SEMESTER, YEAR)
VALUES ("CHE232", "Chemical Engineering", 1, 1, 2);
INSERT INTO CORE_COURSE (COURSE_CODE, DEPARTMENT, CORE_COURSE, SEMESTER, YEAR)
VALUES ("CHE242", "Chemical Engineering", 1, 1, 2);
INSERT INTO CORE_COURSE (COURSE_CODE, DEPARTMENT, CORE_COURSE, SEMESTER, YEAR)
VALUES ("GEN111", "Chemical Engineering", 1, 1, 2);
INSERT INTO CORE_COURSE (COURSE_CODE, DEPARTMENT, CORE_COURSE, SEMESTER, YEAR)
VALUES ("LNG321", "Chemical Engineering", 1, 1, 2);
INSERT INTO CORE_COURSE (COURSE_CODE, DEPARTMENT, CORE_COURSE, SEMESTER, YEAR)
VALUES ("MTH201", "Chemical Engineering", 1, 1, 2);
INSERT INTO CORE_COURSE (COURSE_CODE, DEPARTMENT, CORE_COURSE, SEMESTER, YEAR)
VALUES ("CHE333", "Chemical Engineering", 1, 2, 2);
INSERT INTO CORE_COURSE (COURSE_CODE, DEPARTMENT, CORE_COURSE, SEMESTER, YEAR)
VALUES ("CHE334", "Chemical Engineering", 1, 2, 2);
INSERT INTO CORE_COURSE (COURSE_CODE, DEPARTMENT, CORE_COURSE, SEMESTER, YEAR)
VALUES ("CPE100", "Chemical Engineering", 1, 2, 2);
INSERT INTO CORE_COURSE (COURSE_CODE, DEPARTMENT, CORE_COURSE, SEMESTER, YEAR)
VALUES ("GEN121", "Chemical Engineering", 1, 2, 2);
INSERT INTO CORE_COURSE (COURSE_CODE, DEPARTMENT, CORE_COURSE, SEMESTER, YEAR)
VALUES ("MEE214", "Chemical Engineering", 1, 2, 2);
INSERT INTO CORE_COURSE (COURSE_CODE, DEPARTMENT, CORE_COURSE, SEMESTER, YEAR)
VALUES ("PRE372", "Chemical Engineering", 1, 2, 2);
INSERT INTO CORE_COURSE (COURSE_CODE, DEPARTMENT, CORE_COURSE, SEMESTER, YEAR)
VALUES ("CHE335", "Chemical Engineering", 1, 1, 3);
INSERT INTO CORE_COURSE (COURSE_CODE, DEPARTMENT, CORE_COURSE, SEMESTER, YEAR)
VALUES ("CHE343", "Chemical Engineering", 1, 1, 3);
INSERT INTO CORE_COURSE (COURSE_CODE, DEPARTMENT, CORE_COURSE, SEMESTER, YEAR)
VALUES ("CHE471", "Chemical Engineering", 1, 1, 3);
INSERT INTO CORE_COURSE (COURSE_CODE, DEPARTMENT, CORE_COURSE, SEMESTER, YEAR)
VALUES ("CHE481", "Chemical Engineering", 1, 1, 3);
INSERT INTO CORE_COURSE (COURSE_CODE, DEPARTMENT, CORE_COURSE, SEMESTER, YEAR)
VALUES ("GEN231", "Chemical Engineering", 1, 1, 3);
INSERT INTO CORE_COURSE (COURSE_CODE, DEPARTMENT, CORE_COURSE, SEMESTER, YEAR)
VALUES ("MTH303", "Chemical Engineering", 1, 1, 3);
INSERT INTO CORE_COURSE (COURSE_CODE, DEPARTMENT, CORE_COURSE, SEMESTER, YEAR)
VALUES ("CHE451", "Chemical Engineering", 1, 2, 3);
INSERT INTO CORE_COURSE (COURSE_CODE, DEPARTMENT, CORE_COURSE, SEMESTER, YEAR)
VALUES ("CHE461", "Chemical Engineering", 1, 2, 3);
INSERT INTO CORE_COURSE (COURSE_CODE, DEPARTMENT, CORE_COURSE, SEMESTER, YEAR)
VALUES ("CHE462", "Chemical Engineering", 1, 2, 3);
INSERT INTO CORE_COURSE (COURSE_CODE, DEPARTMENT, CORE_COURSE, SEMESTER, YEAR)
VALUES ("CHE482", "Chemical Engineering", 1, 2, 3);
INSERT INTO CORE_COURSE (COURSE_CODE, DEPARTMENT, CORE_COURSE, SEMESTER, YEAR)
VALUES ("GEN351", "Chemical Engineering", 1, 2, 3);
INSERT INTO CORE_COURSE (COURSE_CODE, DEPARTMENT, CORE_COURSE, SEMESTER, YEAR)
VALUES ("PRE380", "Chemical Engineering", 1, 2, 3);
INSERT INTO CORE_COURSE (COURSE_CODE, DEPARTMENT, CORE_COURSE, SEMESTER, YEAR)
VALUES ("CHE452", "Chemical Engineering", 1, 1, 4);
INSERT INTO CORE_COURSE (COURSE_CODE, DEPARTMENT, CORE_COURSE, SEMESTER, YEAR)
VALUES ("CHE472", "Chemical Engineering", 1, 1, 4);
INSERT INTO CORE_COURSE (COURSE_CODE, DEPARTMENT, CORE_COURSE, SEMESTER, YEAR)
VALUES ("CHE483", "Chemical Engineering", 1, 1, 4);
INSERT INTO CORE_COURSE (COURSE_CODE, DEPARTMENT, CORE_COURSE, SEMESTER, YEAR)
VALUES ("CHE484", "Chemical Engineering", 1, 1, 4);
INSERT INTO CORE_COURSE (COURSE_CODE, DEPARTMENT, CORE_COURSE, SEMESTER, YEAR)
VALUES ("CHE454", "Chemical Engineering", 1, 2, 4);
INSERT INTO CORE_COURSE (COURSE_CODE, DEPARTMENT, CORE_COURSE, SEMESTER, YEAR)
VALUES ("CHE485", "Chemical Engineering", 1, 2, 4);
INSERT INTO CORE_COURSE (COURSE_CODE, DEPARTMENT, CORE_COURSE, SEMESTER, YEAR)
VALUES ("GEN241", "Chemical Engineering", 1, 2, 4);
INSERT INTO CORE_COURSE (COURSE_CODE, DEPARTMENT, CORE_COURSE, SEMESTER, YEAR)
VALUES ("PRE290", "Chemical Engineering", 1, 2, 4);
/* Elective Course */
INSERT INTO CORE_COURSE (COURSE_CODE, DEPARTMENT, CORE_COURSE, SEMESTER, YEAR)
VALUES ("GEN201", "Chemical Engineering", 0, 1, 1);
INSERT INTO CORE_COURSE (COURSE_CODE, DEPARTMENT, CORE_COURSE, SEMESTER, YEAR)
VALUES ("GEN301", "Chemical Engineering", 0, 1, 1);
INSERT INTO CORE_COURSE (COURSE_CODE, DEPARTMENT, CORE_COURSE, SEMESTER, YEAR)
VALUES ("GEN211", "Chemical Engineering", 0, 1, 1);
INSERT INTO CORE_COURSE (COURSE_CODE, DEPARTMENT, CORE_COURSE, SEMESTER, YEAR)
VALUES ("GEN212", "Chemical Engineering", 0, 1, 1);
INSERT INTO CORE_COURSE (COURSE_CODE, DEPARTMENT, CORE_COURSE, SEMESTER, YEAR)
VALUES ("GEN311", "Chemical Engineering", 0, 1, 1);
INSERT INTO CORE_COURSE (COURSE_CODE, DEPARTMENT, CORE_COURSE, SEMESTER, YEAR)
VALUES ("GEN411", "Chemical Engineering", 0, 1, 1);
INSERT INTO CORE_COURSE (COURSE_CODE, DEPARTMENT, CORE_COURSE, SEMESTER, YEAR)
VALUES ("GEN412", "Chemical Engineering", 0, 1, 1);
INSERT INTO CORE_COURSE (COURSE_CODE, DEPARTMENT, CORE_COURSE, SEMESTER, YEAR)
VALUES ("GEN222", "Chemical Engineering", 0, 1, 1);
INSERT INTO CORE_COURSE (COURSE_CODE, DEPARTMENT, CORE_COURSE, SEMESTER, YEAR)
VALUES ("GEN223", "Chemical Engineering", 0, 1, 1);
INSERT INTO CORE_COURSE (COURSE_CODE, DEPARTMENT, CORE_COURSE, SEMESTER, YEAR)
VALUES ("GEN224", "Chemical Engineering", 0, 1, 1);
INSERT INTO CORE_COURSE (COURSE_CODE, DEPARTMENT, CORE_COURSE, SEMESTER, YEAR)
VALUES ("GEN225", "Chemical Engineering", 0, 1, 1);
INSERT INTO CORE_COURSE (COURSE_CODE, DEPARTMENT, CORE_COURSE, SEMESTER, YEAR)
VALUES ("GEN321", "Chemical Engineering", 0, 1, 1);
INSERT INTO CORE_COURSE (COURSE_CODE, DEPARTMENT, CORE_COURSE, SEMESTER, YEAR)
VALUES ("GEN421", "Chemical Engineering", 0, 1, 1);
INSERT INTO CORE_COURSE (COURSE_CODE, DEPARTMENT, CORE_COURSE, SEMESTER, YEAR)
VALUES ("GEN232", "Chemical Engineering", 0, 1, 1);
INSERT INTO CORE_COURSE (COURSE_CODE, DEPARTMENT, CORE_COURSE, SEMESTER, YEAR)
VALUES ("GEN331", "Chemical Engineering", 0, 1, 1);
INSERT INTO CORE_COURSE (COURSE_CODE, DEPARTMENT, CORE_COURSE, SEMESTER, YEAR)
VALUES ("GEN332", "Chemical Engineering", 0, 1, 1);
INSERT INTO CORE_COURSE (COURSE_CODE, DEPARTMENT, CORE_COURSE, SEMESTER, YEAR)
VALUES ("GEN242", "Chemical Engineering", 0, 1, 1);
INSERT INTO CORE_COURSE (COURSE_CODE, DEPARTMENT, CORE_COURSE, SEMESTER, YEAR)
VALUES ("GEN341", "Chemical Engineering", 0, 1, 1);
INSERT INTO CORE_COURSE (COURSE_CODE, DEPARTMENT, CORE_COURSE, SEMESTER, YEAR)
VALUES ("GEN441", "Chemical Engineering", 0, 1, 1);
INSERT INTO CORE_COURSE (COURSE_CODE, DEPARTMENT, CORE_COURSE, SEMESTER, YEAR)
VALUES ("GEN352", "Chemical Engineering", 0, 1, 1);
INSERT INTO CORE_COURSE (COURSE_CODE, DEPARTMENT, CORE_COURSE, SEMESTER, YEAR)
VALUES ("GEN353", "Chemical Engineering", 0, 1, 1);
INSERT INTO CORE_COURSE (COURSE_CODE, DEPARTMENT, CORE_COURSE, SEMESTER, YEAR)
VALUES ("CHE510", "Chemical Engineering", 0, 1, 1);
INSERT INTO CORE_COURSE (COURSE_CODE, DEPARTMENT, CORE_COURSE, SEMESTER, YEAR)
VALUES ("CHE512", "Chemical Engineering", 0, 1, 1);
INSERT INTO CORE_COURSE (COURSE_CODE, DEPARTMENT, CORE_COURSE, SEMESTER, YEAR)
VALUES ("CHE513", "Chemical Engineering", 0, 1, 1);
INSERT INTO CORE_COURSE (COURSE_CODE, DEPARTMENT, CORE_COURSE, SEMESTER, YEAR)
VALUES ("CHE514", "Chemical Engineering", 0, 1, 1);
INSERT INTO CORE_COURSE (COURSE_CODE, DEPARTMENT, CORE_COURSE, SEMESTER, YEAR)
VALUES ("CHE520", "Chemical Engineering", 0, 1, 1);
INSERT INTO CORE_COURSE (COURSE_CODE, DEPARTMENT, CORE_COURSE, SEMESTER, YEAR)
VALUES ("CHE522", "Chemical Engineering", 0, 1, 1);
INSERT INTO CORE_COURSE (COURSE_CODE, DEPARTMENT, CORE_COURSE, SEMESTER, YEAR)
VALUES ("CHE523", "Chemical Engineering", 0, 1, 1);
INSERT INTO CORE_COURSE (COURSE_CODE, DEPARTMENT, CORE_COURSE, SEMESTER, YEAR)
VALUES ("CHE530", "Chemical Engineering", 0, 1, 1);
INSERT INTO CORE_COURSE (COURSE_CODE, DEPARTMENT, CORE_COURSE, SEMESTER, YEAR)
VALUES ("CHE540", "Chemical Engineering", 0, 1, 1);
INSERT INTO CORE_COURSE (COURSE_CODE, DEPARTMENT, CORE_COURSE, SEMESTER, YEAR)
VALUES ("CHE541", "Chemical Engineering", 0, 1, 1);
INSERT INTO CORE_COURSE (COURSE_CODE, DEPARTMENT, CORE_COURSE, SEMESTER, YEAR)
VALUES ("CHE542", "Chemical Engineering", 0, 1, 1);
INSERT INTO CORE_COURSE (COURSE_CODE, DEPARTMENT, CORE_COURSE, SEMESTER, YEAR)
VALUES ("CHE543", "Chemical Engineering", 0, 1, 1);
INSERT INTO CORE_COURSE (COURSE_CODE, DEPARTMENT, CORE_COURSE, SEMESTER, YEAR)
VALUES ("CHE544", "Chemical Engineering", 0, 1, 1);
INSERT INTO CORE_COURSE (COURSE_CODE, DEPARTMENT, CORE_COURSE, SEMESTER, YEAR)
VALUES ("CHE546", "Chemical Engineering", 0, 1, 1);
INSERT INTO CORE_COURSE (COURSE_CODE, DEPARTMENT, CORE_COURSE, SEMESTER, YEAR)
VALUES ("CHE547", "Chemical Engineering", 0, 1, 1);

/* Civil Engineering */
INSERT INTO CORE_COURSE (COURSE_CODE, DEPARTMENT, CORE_COURSE, SEMESTER, YEAR)
VALUES ("CHM103", "Civil Engineering", 1, 1, 1);
INSERT INTO CORE_COURSE (COURSE_CODE, DEPARTMENT, CORE_COURSE, SEMESTER, YEAR)
VALUES ("CHM160", "Civil Engineering", 1, 1, 1);
INSERT INTO CORE_COURSE (COURSE_CODE, DEPARTMENT, CORE_COURSE, SEMESTER, YEAR)
VALUES ("CVE101", "Civil Engineering", 1, 1, 1);
INSERT INTO CORE_COURSE (COURSE_CODE, DEPARTMENT, CORE_COURSE, SEMESTER, YEAR)
VALUES ("GEN101", "Civil Engineering", 1, 1, 1);
INSERT INTO CORE_COURSE (COURSE_CODE, DEPARTMENT, CORE_COURSE, SEMESTER, YEAR)
VALUES ("LNG105", "Civil Engineering", 1, 1, 1);
INSERT INTO CORE_COURSE (COURSE_CODE, DEPARTMENT, CORE_COURSE, SEMESTER, YEAR)
VALUES ("MTH101", "Civil Engineering", 1, 1, 1);
INSERT INTO CORE_COURSE (COURSE_CODE, DEPARTMENT, CORE_COURSE, SEMESTER, YEAR)
VALUES ("PHY103", "Civil Engineering", 1, 1, 1);
INSERT INTO CORE_COURSE (COURSE_CODE, DEPARTMENT, CORE_COURSE, SEMESTER, YEAR)
VALUES ("PHY191", "Civil Engineering", 1, 1, 1);
INSERT INTO CORE_COURSE (COURSE_CODE, DEPARTMENT, CORE_COURSE, SEMESTER, YEAR)
VALUES ("MEN111", "Civil Engineering", 1, 1, 1);
INSERT INTO CORE_COURSE (COURSE_CODE, DEPARTMENT, CORE_COURSE, SEMESTER, YEAR)
VALUES ("CVE100", "Civil Engineering", 1, 2, 1);
INSERT INTO CORE_COURSE (COURSE_CODE, DEPARTMENT, CORE_COURSE, SEMESTER, YEAR)
VALUES ("CVE111", "Civil Engineering", 1, 2, 1);
INSERT INTO CORE_COURSE (COURSE_CODE, DEPARTMENT, CORE_COURSE, SEMESTER, YEAR)
VALUES ("GEN111", "Civil Engineering", 1, 2, 1);
INSERT INTO CORE_COURSE (COURSE_CODE, DEPARTMENT, CORE_COURSE, SEMESTER, YEAR)
VALUES ("LNG106", "Civil Engineering", 1, 2, 1);
INSERT INTO CORE_COURSE (COURSE_CODE, DEPARTMENT, CORE_COURSE, SEMESTER, YEAR)
VALUES ("MTH102", "Civil Engineering", 1, 2, 1);
INSERT INTO CORE_COURSE (COURSE_CODE, DEPARTMENT, CORE_COURSE, SEMESTER, YEAR)
VALUES ("PHY104", "Civil Engineering", 1, 2, 1);
INSERT INTO CORE_COURSE (COURSE_CODE, DEPARTMENT, CORE_COURSE, SEMESTER, YEAR)
VALUES ("PHY192", "Civil Engineering", 1, 2, 1);
INSERT INTO CORE_COURSE (COURSE_CODE, DEPARTMENT, CORE_COURSE, SEMESTER, YEAR)
VALUES ("CVE231", "Civil Engineering", 1, 1, 2);
INSERT INTO CORE_COURSE (COURSE_CODE, DEPARTMENT, CORE_COURSE, SEMESTER, YEAR)
VALUES ("CVE221", "Civil Engineering", 1, 1, 2);
INSERT INTO CORE_COURSE (COURSE_CODE, DEPARTMENT, CORE_COURSE, SEMESTER, YEAR)
VALUES ("CVE223", "Civil Engineering", 1, 1, 2);
INSERT INTO CORE_COURSE (COURSE_CODE, DEPARTMENT, CORE_COURSE, SEMESTER, YEAR)
VALUES ("CVE236", "Civil Engineering", 1, 1, 2);
INSERT INTO CORE_COURSE (COURSE_CODE, DEPARTMENT, CORE_COURSE, SEMESTER, YEAR)
VALUES ("GEN121", "Civil Engineering", 1, 1, 2);
INSERT INTO CORE_COURSE (COURSE_CODE, DEPARTMENT, CORE_COURSE, SEMESTER, YEAR)
VALUES ("LNG107", "Civil Engineering", 1, 1, 2);
INSERT INTO CORE_COURSE (COURSE_CODE, DEPARTMENT, CORE_COURSE, SEMESTER, YEAR)
VALUES ("MTH201", "Civil Engineering", 1, 1, 2);
INSERT INTO CORE_COURSE (COURSE_CODE, DEPARTMENT, CORE_COURSE, SEMESTER, YEAR)
VALUES ("CVE200", "Civil Engineering", 1, 2, 2);
INSERT INTO CORE_COURSE (COURSE_CODE, DEPARTMENT, CORE_COURSE, SEMESTER, YEAR)
VALUES ("CVE233", "Civil Engineering", 1, 2, 2);
INSERT INTO CORE_COURSE (COURSE_CODE, DEPARTMENT, CORE_COURSE, SEMESTER, YEAR)
VALUES ("CVE240", "Civil Engineering", 1, 2, 2);
INSERT INTO CORE_COURSE (COURSE_CODE, DEPARTMENT, CORE_COURSE, SEMESTER, YEAR)
VALUES ("CVE261", "Civil Engineering", 1, 2, 2);
INSERT INTO CORE_COURSE (COURSE_CODE, DEPARTMENT, CORE_COURSE, SEMESTER, YEAR)
VALUES ("CVE281", "Civil Engineering", 1, 2, 2);
INSERT INTO CORE_COURSE (COURSE_CODE, DEPARTMENT, CORE_COURSE, SEMESTER, YEAR)
VALUES ("GEN231", "Civil Engineering", 1, 2, 2);
INSERT INTO CORE_COURSE (COURSE_CODE, DEPARTMENT, CORE_COURSE, SEMESTER, YEAR)
VALUES ("CVE335", "Civil Engineering", 1, 1, 3);
INSERT INTO CORE_COURSE (COURSE_CODE, DEPARTMENT, CORE_COURSE, SEMESTER, YEAR)
VALUES ("CVE337", "Civil Engineering", 1, 1, 3);
INSERT INTO CORE_COURSE (COURSE_CODE, DEPARTMENT, CORE_COURSE, SEMESTER, YEAR)
VALUES ("CVE362", "Civil Engineering", 1, 1, 3);
INSERT INTO CORE_COURSE (COURSE_CODE, DEPARTMENT, CORE_COURSE, SEMESTER, YEAR)
VALUES ("CVE363", "Civil Engineering", 1, 1, 3);
INSERT INTO CORE_COURSE (COURSE_CODE, DEPARTMENT, CORE_COURSE, SEMESTER, YEAR)
VALUES ("CVE382", "Civil Engineering", 1, 1, 3);
INSERT INTO CORE_COURSE (COURSE_CODE, DEPARTMENT, CORE_COURSE, SEMESTER, YEAR)
VALUES ("CVE386", "Civil Engineering", 1, 1, 3);
INSERT INTO CORE_COURSE (COURSE_CODE, DEPARTMENT, CORE_COURSE, SEMESTER, YEAR)
VALUES ("CVE394", "Civil Engineering", 1, 1, 3);
INSERT INTO CORE_COURSE (COURSE_CODE, DEPARTMENT, CORE_COURSE, SEMESTER, YEAR)
VALUES ("GEN241", "Civil Engineering", 1, 1, 3);
INSERT INTO CORE_COURSE (COURSE_CODE, DEPARTMENT, CORE_COURSE, SEMESTER, YEAR)
VALUES ("CVE338", "Civil Engineering", 1, 2, 3);
INSERT INTO CORE_COURSE (COURSE_CODE, DEPARTMENT, CORE_COURSE, SEMESTER, YEAR)
VALUES ("CVE341", "Civil Engineering", 1, 2, 3);
INSERT INTO CORE_COURSE (COURSE_CODE, DEPARTMENT, CORE_COURSE, SEMESTER, YEAR)
VALUES ("CVE342", "Civil Engineering", 1, 2, 3);
INSERT INTO CORE_COURSE (COURSE_CODE, DEPARTMENT, CORE_COURSE, SEMESTER, YEAR)
VALUES ("CVE371", "Civil Engineering", 1, 2, 3);
INSERT INTO CORE_COURSE (COURSE_CODE, DEPARTMENT, CORE_COURSE, SEMESTER, YEAR)
VALUES ("CVE401", "Civil Engineering", 1, 1, 4);
INSERT INTO CORE_COURSE (COURSE_CODE, DEPARTMENT, CORE_COURSE, SEMESTER, YEAR)
VALUES ("CVE415", "Civil Engineering", 1, 1, 4);
INSERT INTO CORE_COURSE (COURSE_CODE, DEPARTMENT, CORE_COURSE, SEMESTER, YEAR)
VALUES ("GEN351", "Civil Engineering", 1, 2, 4);
INSERT INTO CORE_COURSE (COURSE_CODE, DEPARTMENT, CORE_COURSE, SEMESTER, YEAR)
VALUES ("CVE402", "Civil Engineering", 1, 2, 4);
/* Elective Course */
INSERT INTO CORE_COURSE (COURSE_CODE, DEPARTMENT, CORE_COURSE, SEMESTER, YEAR)
VALUES ("GEN301", "Civil Engineering", 0, 1, 1);
INSERT INTO CORE_COURSE (COURSE_CODE, DEPARTMENT, CORE_COURSE, SEMESTER, YEAR)
VALUES ("GEN211", "Civil Engineering", 0, 1, 1);
INSERT INTO CORE_COURSE (COURSE_CODE, DEPARTMENT, CORE_COURSE, SEMESTER, YEAR)
VALUES ("GEN311", "Civil Engineering", 0, 1, 1);
INSERT INTO CORE_COURSE (COURSE_CODE, DEPARTMENT, CORE_COURSE, SEMESTER, YEAR)
VALUES ("GEN411", "Civil Engineering", 0, 1, 1);
INSERT INTO CORE_COURSE (COURSE_CODE, DEPARTMENT, CORE_COURSE, SEMESTER, YEAR)
VALUES ("GEN321", "Civil Engineering", 0, 1, 1);
INSERT INTO CORE_COURSE (COURSE_CODE, DEPARTMENT, CORE_COURSE, SEMESTER, YEAR)
VALUES ("GEN421", "Civil Engineering", 0, 1, 1);
INSERT INTO CORE_COURSE (COURSE_CODE, DEPARTMENT, CORE_COURSE, SEMESTER, YEAR)
VALUES ("GEN331", "Civil Engineering", 0, 1, 1);
INSERT INTO CORE_COURSE (COURSE_CODE, DEPARTMENT, CORE_COURSE, SEMESTER, YEAR)
VALUES ("GEN341", "Civil Engineering", 0, 1, 1);
INSERT INTO CORE_COURSE (COURSE_CODE, DEPARTMENT, CORE_COURSE, SEMESTER, YEAR)
VALUES ("GEN441", "Civil Engineering", 0, 1, 1);
INSERT INTO CORE_COURSE (COURSE_CODE, DEPARTMENT, CORE_COURSE, SEMESTER, YEAR)
VALUES ("GEN352", "Civil Engineering", 0, 1, 1);
INSERT INTO CORE_COURSE (COURSE_CODE, DEPARTMENT, CORE_COURSE, SEMESTER, YEAR)
VALUES ("GEN353", "Civil Engineering", 0, 1, 1);
INSERT INTO CORE_COURSE (COURSE_CODE, DEPARTMENT, CORE_COURSE, SEMESTER, YEAR)
VALUES ("CVE443", "Civil Engineering", 0, 1, 1);
INSERT INTO CORE_COURSE (COURSE_CODE, DEPARTMENT, CORE_COURSE, SEMESTER, YEAR)
VALUES ("CVE444", "Civil Engineering", 0, 1, 1);
INSERT INTO CORE_COURSE (COURSE_CODE, DEPARTMENT, CORE_COURSE, SEMESTER, YEAR)
VALUES ("CVE445", "Civil Engineering", 0, 1, 1);
INSERT INTO CORE_COURSE (COURSE_CODE, DEPARTMENT, CORE_COURSE, SEMESTER, YEAR)
VALUES ("CVE446", "Civil Engineering", 0, 1, 1);
INSERT INTO CORE_COURSE (COURSE_CODE, DEPARTMENT, CORE_COURSE, SEMESTER, YEAR)
VALUES ("CVE447", "Civil Engineering", 0, 1, 1);
INSERT INTO CORE_COURSE (COURSE_CODE, DEPARTMENT, CORE_COURSE, SEMESTER, YEAR)
VALUES ("CVE448", "Civil Engineering", 0, 1, 1);
INSERT INTO CORE_COURSE (COURSE_CODE, DEPARTMENT, CORE_COURSE, SEMESTER, YEAR)
VALUES ("CVE449", "Civil Engineering", 0, 1, 1);
INSERT INTO CORE_COURSE (COURSE_CODE, DEPARTMENT, CORE_COURSE, SEMESTER, YEAR)
VALUES ("CVE226", "Civil Engineering", 0, 1, 1);
INSERT INTO CORE_COURSE (COURSE_CODE, DEPARTMENT, CORE_COURSE, SEMESTER, YEAR)
VALUES ("CVE421", "Civil Engineering", 0, 1, 1);
INSERT INTO CORE_COURSE (COURSE_CODE, DEPARTMENT, CORE_COURSE, SEMESTER, YEAR)
VALUES ("CVE422", "Civil Engineering", 0, 1, 1);
INSERT INTO CORE_COURSE (COURSE_CODE, DEPARTMENT, CORE_COURSE, SEMESTER, YEAR)
VALUES ("CVE425", "Civil Engineering", 0, 1, 1);
INSERT INTO CORE_COURSE (COURSE_CODE, DEPARTMENT, CORE_COURSE, SEMESTER, YEAR)
VALUES ("CVE426", "Civil Engineering", 0, 1, 1);
INSERT INTO CORE_COURSE (COURSE_CODE, DEPARTMENT, CORE_COURSE, SEMESTER, YEAR)
VALUES ("CVE428", "Civil Engineering", 0, 1, 1);
INSERT INTO CORE_COURSE (COURSE_CODE, DEPARTMENT, CORE_COURSE, SEMESTER, YEAR)
VALUES ("CVE372", "Civil Engineering", 0, 1, 1);
INSERT INTO CORE_COURSE (COURSE_CODE, DEPARTMENT, CORE_COURSE, SEMESTER, YEAR)
VALUES ("CVE473", "Civil Engineering", 0, 1, 1);

/* INSERT DATA IN SECTION TABLE */
/* Computer Engineering */
INSERT INTO SECTION (SECTION_CODE, COURSE_CODE, MAX_STUDENT)
VALUES ("CPE100_31", "CPE100", 35);
INSERT INTO SECTION (SECTION_CODE, COURSE_CODE, MAX_STUDENT)
VALUES ("CPE100_32", "CPE100", 35);
INSERT INTO SECTION (SECTION_CODE, COURSE_CODE, MAX_STUDENT)
VALUES ("CPE101_31", "CPE101", 35);
INSERT INTO SECTION (SECTION_CODE, COURSE_CODE, MAX_STUDENT)
VALUES ("CPE101_32", "CPE101", 35);
INSERT INTO SECTION (SECTION_CODE, COURSE_CODE, MAX_STUDENT)
VALUES ("CPE121_31", "CPE121", 35);
INSERT INTO SECTION (SECTION_CODE, COURSE_CODE, MAX_STUDENT)
VALUES ("CPE121_32", "CPE121", 35);
INSERT INTO SECTION (SECTION_CODE, COURSE_CODE, MAX_STUDENT)
VALUES ("LNG221_1", "LNG221", 40);
INSERT INTO SECTION (SECTION_CODE, COURSE_CODE, MAX_STUDENT)
VALUES ("LNG221_2", "LNG221", 40);
INSERT INTO SECTION (SECTION_CODE, COURSE_CODE, MAX_STUDENT)
VALUES ("LNG221_3", "LNG221", 40);
INSERT INTO SECTION (SECTION_CODE, COURSE_CODE, MAX_STUDENT)
VALUES ("MTH101_31", "MTH101", 120);
INSERT INTO SECTION (SECTION_CODE, COURSE_CODE, MAX_STUDENT)
VALUES ("MTH101_32", "MTH101", 120);
INSERT INTO SECTION (SECTION_CODE, COURSE_CODE, MAX_STUDENT)
VALUES ("PHY103_35", "PHY103", 45);
INSERT INTO SECTION (SECTION_CODE, COURSE_CODE, MAX_STUDENT)
VALUES ("PHY103_36", "PHY103", 35);
INSERT INTO SECTION (SECTION_CODE, COURSE_CODE, MAX_STUDENT)
VALUES ("CPE111_31", "CPE111", 35);
INSERT INTO SECTION (SECTION_CODE, COURSE_CODE, MAX_STUDENT)
VALUES ("CPE111_32", "CPE111", 35);
INSERT INTO SECTION (SECTION_CODE, COURSE_CODE, MAX_STUDENT)
VALUES ("CPE122_31", "CPE122", 35);
INSERT INTO SECTION (SECTION_CODE, COURSE_CODE, MAX_STUDENT)
VALUES ("CPE122_32", "CPE122", 35);
INSERT INTO SECTION (SECTION_CODE, COURSE_CODE, MAX_STUDENT)
VALUES ("GEN121_50", "GEN121", 35);
INSERT INTO SECTION (SECTION_CODE, COURSE_CODE, MAX_STUDENT)
VALUES ("GEN121_51", "GEN121", 35);
INSERT INTO SECTION (SECTION_CODE, COURSE_CODE, MAX_STUDENT)
VALUES ("LNG222_3", "LNG222", 35);
INSERT INTO SECTION (SECTION_CODE, COURSE_CODE, MAX_STUDENT)
VALUES ("LNG222_4", "LNG222", 30);
INSERT INTO SECTION (SECTION_CODE, COURSE_CODE, MAX_STUDENT)
VALUES ("LNG222_5", "LNG222", 30);
INSERT INTO SECTION (SECTION_CODE, COURSE_CODE, MAX_STUDENT)
VALUES ("MTH102_34", "MTH102", 50);
INSERT INTO SECTION (SECTION_CODE, COURSE_CODE, MAX_STUDENT)
VALUES ("MTH102_35", "MTH102", 50);
INSERT INTO SECTION (SECTION_CODE, COURSE_CODE, MAX_STUDENT)
VALUES ("PHY104_34", "PHY104", 50);
INSERT INTO SECTION (SECTION_CODE, COURSE_CODE, MAX_STUDENT)
VALUES ("PHY104_35", "PHY104", 50);
INSERT INTO SECTION (SECTION_CODE, COURSE_CODE, MAX_STUDENT)
VALUES ("CPE212_31", "CPE212", 40);
INSERT INTO SECTION (SECTION_CODE, COURSE_CODE, MAX_STUDENT)
VALUES ("CPE212_32", "CPE212", 40);
INSERT INTO SECTION (SECTION_CODE, COURSE_CODE, MAX_STUDENT)
VALUES ("CPE223_31", "CPE223", 40);
INSERT INTO SECTION (SECTION_CODE, COURSE_CODE, MAX_STUDENT)
VALUES ("CPE223_32", "CPE223", 40);
INSERT INTO SECTION (SECTION_CODE, COURSE_CODE, MAX_STUDENT)
VALUES ("LNG321_1", "LNG321", 30);
INSERT INTO SECTION (SECTION_CODE, COURSE_CODE, MAX_STUDENT)
VALUES ("LNG321_2", "LNG321", 30);
INSERT INTO SECTION (SECTION_CODE, COURSE_CODE, MAX_STUDENT)
VALUES ("MTH201_30", "MTH201", 80);
INSERT INTO SECTION (SECTION_CODE, COURSE_CODE, MAX_STUDENT)
VALUES ("MTH201_31", "MTH201", 80);
INSERT INTO SECTION (SECTION_CODE, COURSE_CODE, MAX_STUDENT)
VALUES ("GEN101_68", "GEN101", 50);
INSERT INTO SECTION (SECTION_CODE, COURSE_CODE, MAX_STUDENT)
VALUES ("GEN101_69", "GEN101", 50);
INSERT INTO SECTION (SECTION_CODE, COURSE_CODE, MAX_STUDENT)
VALUES ("GEN231_33", "GEN231", 40);
INSERT INTO SECTION (SECTION_CODE, COURSE_CODE, MAX_STUDENT)
VALUES ("GEN231_34", "GEN231", 40);
INSERT INTO SECTION (SECTION_CODE, COURSE_CODE, MAX_STUDENT)
VALUES ("GEN231_35", "GEN231", 40);
INSERT INTO SECTION (SECTION_CODE, COURSE_CODE, MAX_STUDENT)
VALUES ("CHM103_31", "CHM103", 60);
INSERT INTO SECTION (SECTION_CODE, COURSE_CODE, MAX_STUDENT)
VALUES ("CHM103_32", "CHM103", 60);
INSERT INTO SECTION (SECTION_CODE, COURSE_CODE, MAX_STUDENT)
VALUES ("MIC101_31", "MIC101", 80);
INSERT INTO SECTION (SECTION_CODE, COURSE_CODE, MAX_STUDENT)
VALUES ("CPE213_31", "CPE213", 100);
INSERT INTO SECTION (SECTION_CODE, COURSE_CODE, MAX_STUDENT)
VALUES ("CPE224_31", "CPE224", 40);
INSERT INTO SECTION (SECTION_CODE, COURSE_CODE, MAX_STUDENT)
VALUES ("CPE224_32", "CPE224", 40);
INSERT INTO SECTION (SECTION_CODE, COURSE_CODE, MAX_STUDENT)
VALUES ("CPE231_31", "CPE231", 40);
INSERT INTO SECTION (SECTION_CODE, COURSE_CODE, MAX_STUDENT)
VALUES ("CPE231_32", "CPE231", 40);
INSERT INTO SECTION (SECTION_CODE, COURSE_CODE, MAX_STUDENT)
VALUES ("STA302_31", "STA302", 70);
INSERT INTO SECTION (SECTION_CODE, COURSE_CODE, MAX_STUDENT)
VALUES ("GEN111_34", "GEN111", 40);
INSERT INTO SECTION (SECTION_CODE, COURSE_CODE, MAX_STUDENT)
VALUES ("GEN111_35", "GEN111", 40);
INSERT INTO SECTION (SECTION_CODE, COURSE_CODE, MAX_STUDENT)
VALUES ("CPE325_31", "CPE325", 40);
INSERT INTO SECTION (SECTION_CODE, COURSE_CODE, MAX_STUDENT)
VALUES ("CPE325_32", "CPE325", 40);
INSERT INTO SECTION (SECTION_CODE, COURSE_CODE, MAX_STUDENT)
VALUES ("CPE326_31", "CPE326", 35);
INSERT INTO SECTION (SECTION_CODE, COURSE_CODE, MAX_STUDENT)
VALUES ("CPE326_32", "CPE326", 40);
INSERT INTO SECTION (SECTION_CODE, COURSE_CODE, MAX_STUDENT)
VALUES ("CPE327_31", "CPE327", 35);
INSERT INTO SECTION (SECTION_CODE, COURSE_CODE, MAX_STUDENT)
VALUES ("CPE327_32", "CPE327", 35);
INSERT INTO SECTION (SECTION_CODE, COURSE_CODE, MAX_STUDENT)
VALUES ("CPE332_31", "CPE332", 40);
INSERT INTO SECTION (SECTION_CODE, COURSE_CODE, MAX_STUDENT)
VALUES ("CPE332_32", "CPE332", 40);
INSERT INTO SECTION (SECTION_CODE, COURSE_CODE, MAX_STUDENT)
VALUES ("GEN241_35", "GEN241", 35);
INSERT INTO SECTION (SECTION_CODE, COURSE_CODE, MAX_STUDENT)
VALUES ("GEN241_36", "GEN241", 35);
INSERT INTO SECTION (SECTION_CODE, COURSE_CODE, MAX_STUDENT)
VALUES ("PRE380_31", "PRE380", 80);
INSERT INTO SECTION (SECTION_CODE, COURSE_CODE, MAX_STUDENT)
VALUES ("CPE314_31", "CPE314", 35);
INSERT INTO SECTION (SECTION_CODE, COURSE_CODE, MAX_STUDENT)
VALUES ("CPE314_32", "CPE314", 35);
INSERT INTO SECTION (SECTION_CODE, COURSE_CODE, MAX_STUDENT)
VALUES ("CPE329_31", "CPE329", 35);
INSERT INTO SECTION (SECTION_CODE, COURSE_CODE, MAX_STUDENT)
VALUES ("CPE329_32", "CPE329", 35);
INSERT INTO SECTION (SECTION_CODE, COURSE_CODE, MAX_STUDENT)
VALUES ("GEN351_31", "GEN351", 45);
INSERT INTO SECTION (SECTION_CODE, COURSE_CODE, MAX_STUDENT)
VALUES ("GEN351_32", "GEN351", 45);
INSERT INTO SECTION (SECTION_CODE, COURSE_CODE, MAX_STUDENT)
VALUES ("CPE401_31", "CPE401", 35);
INSERT INTO SECTION (SECTION_CODE, COURSE_CODE, MAX_STUDENT)
VALUES ("CPE401_32", "CPE401", 35);
INSERT INTO SECTION (SECTION_CODE, COURSE_CODE, MAX_STUDENT)
VALUES ("CPE405_31", "CPE405", 30);
INSERT INTO SECTION (SECTION_CODE, COURSE_CODE, MAX_STUDENT)
VALUES ("CPE405_32", "CPE405", 30);
INSERT INTO SECTION (SECTION_CODE, COURSE_CODE, MAX_STUDENT)
VALUES ("CPE403_31", "CPE403", 30);
INSERT INTO SECTION (SECTION_CODE, COURSE_CODE, MAX_STUDENT)
VALUES ("CPE403_32", "CPE403", 30);
INSERT INTO SECTION (SECTION_CODE, COURSE_CODE, MAX_STUDENT)
VALUES ("CPE402_31", "CPE402", 35);
INSERT INTO SECTION (SECTION_CODE, COURSE_CODE, MAX_STUDENT)
VALUES ("CPE402_32", "CPE402", 35);
INSERT INTO SECTION (SECTION_CODE, COURSE_CODE, MAX_STUDENT)
VALUES ("CPE406_31", "CPE406", 30);
INSERT INTO SECTION (SECTION_CODE, COURSE_CODE, MAX_STUDENT)
VALUES ("CPE406_32", "CPE406", 30);
INSERT INTO SECTION (SECTION_CODE, COURSE_CODE, MAX_STUDENT)
VALUES ("CPE404_31", "CPE404", 30);
INSERT INTO SECTION (SECTION_CODE, COURSE_CODE, MAX_STUDENT)
VALUES ("CPE404_32", "CPE404", 30);
/* Elective Course */
INSERT INTO SECTION (SECTION_CODE, COURSE_CODE, MAX_STUDENT)
VALUES ("GEN301_31", "GEN301", 30);
INSERT INTO SECTION (SECTION_CODE, COURSE_CODE, MAX_STUDENT)
VALUES ("GEN211_31", "GEN211", 30);
INSERT INTO SECTION (SECTION_CODE, COURSE_CODE, MAX_STUDENT)
VALUES ("GEN311_31", "GEN311", 30);
INSERT INTO SECTION (SECTION_CODE, COURSE_CODE, MAX_STUDENT)
VALUES ("GEN411_31", "GEN411", 30);
INSERT INTO SECTION (SECTION_CODE, COURSE_CODE, MAX_STUDENT)
VALUES ("GEN412_31", "GEN412", 30);
INSERT INTO SECTION (SECTION_CODE, COURSE_CODE, MAX_STUDENT)
VALUES ("GEN321_31", "GEN321", 30);
INSERT INTO SECTION (SECTION_CODE, COURSE_CODE, MAX_STUDENT)
VALUES ("GEN421_31", "GEN421", 30);
INSERT INTO SECTION (SECTION_CODE, COURSE_CODE, MAX_STUDENT)
VALUES ("GEN331_31", "GEN331", 30);
INSERT INTO SECTION (SECTION_CODE, COURSE_CODE, MAX_STUDENT)
VALUES ("GEN341_31", "GEN341", 30);
INSERT INTO SECTION (SECTION_CODE, COURSE_CODE, MAX_STUDENT)
VALUES ("GEN441_31", "GEN441", 30);
INSERT INTO SECTION (SECTION_CODE, COURSE_CODE, MAX_STUDENT)
VALUES ("GEN352_31", "GEN352", 30);
INSERT INTO SECTION (SECTION_CODE, COURSE_CODE, MAX_STUDENT)
VALUES ("GEN353_31", "GEN353", 30);
INSERT INTO SECTION (SECTION_CODE, COURSE_CODE, MAX_STUDENT)
VALUES ("CPE315_31", "CPE315", 40);
INSERT INTO SECTION (SECTION_CODE, COURSE_CODE, MAX_STUDENT)
VALUES ("CPE341_31", "CPE341", 40);
INSERT INTO SECTION (SECTION_CODE, COURSE_CODE, MAX_STUDENT)
VALUES ("CPE342_31", "CPE342", 40);
INSERT INTO SECTION (SECTION_CODE, COURSE_CODE, MAX_STUDENT)
VALUES ("CPE343_31", "CPE343", 40);
INSERT INTO SECTION (SECTION_CODE, COURSE_CODE, MAX_STUDENT)
VALUES ("CPE344_31", "CPE344", 40);
INSERT INTO SECTION (SECTION_CODE, COURSE_CODE, MAX_STUDENT)
VALUES ("CPE345_31", "CPE345", 40);
INSERT INTO SECTION (SECTION_CODE, COURSE_CODE, MAX_STUDENT)
VALUES ("CPE328_31", "CPE328", 40);
INSERT INTO SECTION (SECTION_CODE, COURSE_CODE, MAX_STUDENT)
VALUES ("CPE351_31", "CPE351", 40);
INSERT INTO SECTION (SECTION_CODE, COURSE_CODE, MAX_STUDENT)
VALUES ("CPE452_31", "CPE452", 40);
INSERT INTO SECTION (SECTION_CODE, COURSE_CODE, MAX_STUDENT)
VALUES ("CPE453_31", "CPE453", 40);
INSERT INTO SECTION (SECTION_CODE, COURSE_CODE, MAX_STUDENT)
VALUES ("CPE454_31", "CPE454", 40);
INSERT INTO SECTION (SECTION_CODE, COURSE_CODE, MAX_STUDENT)
VALUES ("CPE455_31", "CPE455", 40);
INSERT INTO SECTION (SECTION_CODE, COURSE_CODE, MAX_STUDENT)
VALUES ("CPE361_31", "CPE361", 40);
INSERT INTO SECTION (SECTION_CODE, COURSE_CODE, MAX_STUDENT)
VALUES ("CPE462_31", "CPE462", 40);
INSERT INTO SECTION (SECTION_CODE, COURSE_CODE, MAX_STUDENT)
VALUES ("CPE463_31", "CPE463", 40);

/* Chemical Engineering */
INSERT INTO SECTION (SECTION_CODE, COURSE_CODE, MAX_STUDENT)
VALUES ("CHE103_31", "CHE103", 40);
INSERT INTO SECTION (SECTION_CODE, COURSE_CODE, MAX_STUDENT)
VALUES ("CHE103_32", "CHE103", 40);
INSERT INTO SECTION (SECTION_CODE, COURSE_CODE, MAX_STUDENT)
VALUES ("CHM160_31", "CHM160", 50);
INSERT INTO SECTION (SECTION_CODE, COURSE_CODE, MAX_STUDENT)
VALUES ("CHM160_32", "CHM160", 50);
INSERT INTO SECTION (SECTION_CODE, COURSE_CODE, MAX_STUDENT)
VALUES ("PHY191_35", "PHY191", 50);
INSERT INTO SECTION (SECTION_CODE, COURSE_CODE, MAX_STUDENT)
VALUES ("PHY191_36", "PHY191", 50);
INSERT INTO SECTION (SECTION_CODE, COURSE_CODE, MAX_STUDENT)
VALUES ("CHE210_31", "CHE210", 40);
INSERT INTO SECTION (SECTION_CODE, COURSE_CODE, MAX_STUDENT)
VALUES ("CHE210_32", "CHE210", 40);
INSERT INTO SECTION (SECTION_CODE, COURSE_CODE, MAX_STUDENT)
VALUES ("CHE241_31", "CHE241", 40);
INSERT INTO SECTION (SECTION_CODE, COURSE_CODE, MAX_STUDENT)
VALUES ("CHE241_32", "CHE241", 40);
INSERT INTO SECTION (SECTION_CODE, COURSE_CODE, MAX_STUDENT)
VALUES ("MEE111_1", "MEE111", 100);
INSERT INTO SECTION (SECTION_CODE, COURSE_CODE, MAX_STUDENT)
VALUES ("PHY192_35", "PHY192", 50);
INSERT INTO SECTION (SECTION_CODE, COURSE_CODE, MAX_STUDENT)
VALUES ("PHY192_36", "PHY192", 50);
INSERT INTO SECTION (SECTION_CODE, COURSE_CODE, MAX_STUDENT)
VALUES ("CHE212_31", "CHE212", 35);
INSERT INTO SECTION (SECTION_CODE, COURSE_CODE, MAX_STUDENT)
VALUES ("CHE212_32", "CHE212", 35);
INSERT INTO SECTION (SECTION_CODE, COURSE_CODE, MAX_STUDENT)
VALUES ("CHE214_31", "CHE214", 35);
INSERT INTO SECTION (SECTION_CODE, COURSE_CODE, MAX_STUDENT)
VALUES ("CHE214_32", "CHE214", 35);
INSERT INTO SECTION (SECTION_CODE, COURSE_CODE, MAX_STUDENT)
VALUES ("CHE232_31", "CHE232", 35);
INSERT INTO SECTION (SECTION_CODE, COURSE_CODE, MAX_STUDENT)
VALUES ("CHE232_32", "CHE232", 35);
INSERT INTO SECTION (SECTION_CODE, COURSE_CODE, MAX_STUDENT)
VALUES ("CHE242_31", "CHE242", 35);
INSERT INTO SECTION (SECTION_CODE, COURSE_CODE, MAX_STUDENT)
VALUES ("CHE242_32", "CHE242", 35);
INSERT INTO SECTION (SECTION_CODE, COURSE_CODE, MAX_STUDENT)
VALUES ("CHE333_31", "CHE333", 35);
INSERT INTO SECTION (SECTION_CODE, COURSE_CODE, MAX_STUDENT)
VALUES ("CHE333_32", "CHE333", 35);
INSERT INTO SECTION (SECTION_CODE, COURSE_CODE, MAX_STUDENT)
VALUES ("CHE334_31", "CHE334", 35);
INSERT INTO SECTION (SECTION_CODE, COURSE_CODE, MAX_STUDENT)
VALUES ("CHE334_32", "CHE334", 35);
INSERT INTO SECTION (SECTION_CODE, COURSE_CODE, MAX_STUDENT)
VALUES ("MEE214_1", "MEE214", 100);
INSERT INTO SECTION (SECTION_CODE, COURSE_CODE, MAX_STUDENT)
VALUES ("PRE372_31", "PRE372", 80);
INSERT INTO SECTION (SECTION_CODE, COURSE_CODE, MAX_STUDENT)
VALUES ("CHE335_31", "CHE335", 35);
INSERT INTO SECTION (SECTION_CODE, COURSE_CODE, MAX_STUDENT)
VALUES ("CHE335_32", "CHE335", 35);
INSERT INTO SECTION (SECTION_CODE, COURSE_CODE, MAX_STUDENT)
VALUES ("CHE343_31", "CHE343", 35);
INSERT INTO SECTION (SECTION_CODE, COURSE_CODE, MAX_STUDENT)
VALUES ("CHE343_32", "CHE343", 35);
INSERT INTO SECTION (SECTION_CODE, COURSE_CODE, MAX_STUDENT)
VALUES ("CHE471_31", "CHE471", 35);
INSERT INTO SECTION (SECTION_CODE, COURSE_CODE, MAX_STUDENT)
VALUES ("CHE471_32", "CHE471", 35);
INSERT INTO SECTION (SECTION_CODE, COURSE_CODE, MAX_STUDENT)
VALUES ("CHE481_31", "CHE481", 35);
INSERT INTO SECTION (SECTION_CODE, COURSE_CODE, MAX_STUDENT)
VALUES ("CHE481_32", "CHE481", 35);
INSERT INTO SECTION (SECTION_CODE, COURSE_CODE, MAX_STUDENT)
VALUES ("MTH303_31", "MTH303", 70);
INSERT INTO SECTION (SECTION_CODE, COURSE_CODE, MAX_STUDENT)
VALUES ("CHE451_31", "CHE451", 35);
INSERT INTO SECTION (SECTION_CODE, COURSE_CODE, MAX_STUDENT)
VALUES ("CHE451_32", "CHE451", 35);
INSERT INTO SECTION (SECTION_CODE, COURSE_CODE, MAX_STUDENT)
VALUES ("CHE461_31", "CHE461", 35);
INSERT INTO SECTION (SECTION_CODE, COURSE_CODE, MAX_STUDENT)
VALUES ("CHE461_32", "CHE461", 35);
INSERT INTO SECTION (SECTION_CODE, COURSE_CODE, MAX_STUDENT)
VALUES ("CHE462_31", "CHE462", 35);
INSERT INTO SECTION (SECTION_CODE, COURSE_CODE, MAX_STUDENT)
VALUES ("CHE462_32", "CHE462", 35);
INSERT INTO SECTION (SECTION_CODE, COURSE_CODE, MAX_STUDENT)
VALUES ("CHE482_31", "CHE482", 35);
INSERT INTO SECTION (SECTION_CODE, COURSE_CODE, MAX_STUDENT)
VALUES ("CHE482_32", "CHE482", 35);
INSERT INTO SECTION (SECTION_CODE, COURSE_CODE, MAX_STUDENT)
VALUES ("CHE452_31", "CHE452", 35);
INSERT INTO SECTION (SECTION_CODE, COURSE_CODE, MAX_STUDENT)
VALUES ("CHE452_32", "CHE452", 35);
INSERT INTO SECTION (SECTION_CODE, COURSE_CODE, MAX_STUDENT)
VALUES ("CHE472_31", "CHE472", 35);
INSERT INTO SECTION (SECTION_CODE, COURSE_CODE, MAX_STUDENT)
VALUES ("CHE472_32", "CHE472", 35);
INSERT INTO SECTION (SECTION_CODE, COURSE_CODE, MAX_STUDENT)
VALUES ("CHE483_31", "CHE483", 35);
INSERT INTO SECTION (SECTION_CODE, COURSE_CODE, MAX_STUDENT)
VALUES ("CHE483_32", "CHE483", 35);
INSERT INTO SECTION (SECTION_CODE, COURSE_CODE, MAX_STUDENT)
VALUES ("CHE484_31", "CHE484", 35);
INSERT INTO SECTION (SECTION_CODE, COURSE_CODE, MAX_STUDENT)
VALUES ("CHE484_32", "CHE484", 35);
INSERT INTO SECTION (SECTION_CODE, COURSE_CODE, MAX_STUDENT)
VALUES ("CHE454_31", "CHE454", 35);
INSERT INTO SECTION (SECTION_CODE, COURSE_CODE, MAX_STUDENT)
VALUES ("CHE454_32", "CHE454", 35);
INSERT INTO SECTION (SECTION_CODE, COURSE_CODE, MAX_STUDENT)
VALUES ("CHE485_31", "CHE485", 35);
INSERT INTO SECTION (SECTION_CODE, COURSE_CODE, MAX_STUDENT)
VALUES ("CHE485_32", "CHE485", 35);
INSERT INTO SECTION (SECTION_CODE, COURSE_CODE, MAX_STUDENT)
VALUES ("PRE290_31", "PRE290", 80);
/* Elective Course */
INSERT INTO SECTION (SECTION_CODE, COURSE_CODE, MAX_STUDENT)
VALUES ("GEN201_31", "GEN201", 30);
INSERT INTO SECTION (SECTION_CODE, COURSE_CODE, MAX_STUDENT)
VALUES ("GEN212_31", "GEN212", 30);
INSERT INTO SECTION (SECTION_CODE, COURSE_CODE, MAX_STUDENT)
VALUES ("GEN222_31", "GEN222", 30);
INSERT INTO SECTION (SECTION_CODE, COURSE_CODE, MAX_STUDENT)
VALUES ("GEN223_31", "GEN223", 30);
INSERT INTO SECTION (SECTION_CODE, COURSE_CODE, MAX_STUDENT)
VALUES ("GEN224_31", "GEN224", 30);
INSERT INTO SECTION (SECTION_CODE, COURSE_CODE, MAX_STUDENT)
VALUES ("GEN225_31", "GEN225", 30);
INSERT INTO SECTION (SECTION_CODE, COURSE_CODE, MAX_STUDENT)
VALUES ("GEN232_31", "GEN232", 30);
INSERT INTO SECTION (SECTION_CODE, COURSE_CODE, MAX_STUDENT)
VALUES ("GEN332_31", "GEN332", 30);
INSERT INTO SECTION (SECTION_CODE, COURSE_CODE, MAX_STUDENT)
VALUES ("GEN242_31", "GEN242", 30);
INSERT INTO SECTION (SECTION_CODE, COURSE_CODE, MAX_STUDENT)
VALUES ("CHE510_31", "CHE510", 40);
INSERT INTO SECTION (SECTION_CODE, COURSE_CODE, MAX_STUDENT)
VALUES ("CHE512_31", "CHE512", 40);
INSERT INTO SECTION (SECTION_CODE, COURSE_CODE, MAX_STUDENT)
VALUES ("CHE513_31", "CHE513", 40);
INSERT INTO SECTION (SECTION_CODE, COURSE_CODE, MAX_STUDENT)
VALUES ("CHE514_31", "CHE514", 40);
INSERT INTO SECTION (SECTION_CODE, COURSE_CODE, MAX_STUDENT)
VALUES ("CHE520_31", "CHE520", 40);
INSERT INTO SECTION (SECTION_CODE, COURSE_CODE, MAX_STUDENT)
VALUES ("CHE522_31", "CHE522", 40);
INSERT INTO SECTION (SECTION_CODE, COURSE_CODE, MAX_STUDENT)
VALUES ("CHE523_31", "CHE523", 40);
INSERT INTO SECTION (SECTION_CODE, COURSE_CODE, MAX_STUDENT)
VALUES ("CHE530_31", "CHE530", 40);
INSERT INTO SECTION (SECTION_CODE, COURSE_CODE, MAX_STUDENT)
VALUES ("CHE540_31", "CHE540", 40);
INSERT INTO SECTION (SECTION_CODE, COURSE_CODE, MAX_STUDENT)
VALUES ("CHE541_31", "CHE541", 40);
INSERT INTO SECTION (SECTION_CODE, COURSE_CODE, MAX_STUDENT)
VALUES ("CHE542_31", "CHE542", 40);
INSERT INTO SECTION (SECTION_CODE, COURSE_CODE, MAX_STUDENT)
VALUES ("CHE543_31", "CHE543", 40);
INSERT INTO SECTION (SECTION_CODE, COURSE_CODE, MAX_STUDENT)
VALUES ("CHE544_31", "CHE544", 40);
INSERT INTO SECTION (SECTION_CODE, COURSE_CODE, MAX_STUDENT)
VALUES ("CHE546_31", "CHE546", 40);
INSERT INTO SECTION (SECTION_CODE, COURSE_CODE, MAX_STUDENT)
VALUES ("CHE547_31", "CHE547", 40);

/* Civil Engineering */
INSERT INTO SECTION (SECTION_CODE, COURSE_CODE, MAX_STUDENT)
VALUES ("CVE101_31", "CVE101", 35);
INSERT INTO SECTION (SECTION_CODE, COURSE_CODE, MAX_STUDENT)
VALUES ("CVE101_32", "CVE101", 35);
INSERT INTO SECTION (SECTION_CODE, COURSE_CODE, MAX_STUDENT)
VALUES ("LNG105_1", "LNG105", 35);
INSERT INTO SECTION (SECTION_CODE, COURSE_CODE, MAX_STUDENT)
VALUES ("LNG105_2", "LNG105", 35);
INSERT INTO SECTION (SECTION_CODE, COURSE_CODE, MAX_STUDENT)
VALUES ("LNG105_3", "LNG105", 35);
INSERT INTO SECTION (SECTION_CODE, COURSE_CODE, MAX_STUDENT)
VALUES ("MEN111_31", "MEN111", 35);
INSERT INTO SECTION (SECTION_CODE, COURSE_CODE, MAX_STUDENT)
VALUES ("MEN111_32", "MEN111", 35);
INSERT INTO SECTION (SECTION_CODE, COURSE_CODE, MAX_STUDENT)
VALUES ("CVE100_31", "CVE100", 35);
INSERT INTO SECTION (SECTION_CODE, COURSE_CODE, MAX_STUDENT)
VALUES ("CVE100_32", "CVE100", 35);
INSERT INTO SECTION (SECTION_CODE, COURSE_CODE, MAX_STUDENT)
VALUES ("CVE111_31", "CVE111", 35);
INSERT INTO SECTION (SECTION_CODE, COURSE_CODE, MAX_STUDENT)
VALUES ("CVE111_32", "CVE111", 35);
INSERT INTO SECTION (SECTION_CODE, COURSE_CODE, MAX_STUDENT)
VALUES ("LNG106_5", "LNG106", 35);
INSERT INTO SECTION (SECTION_CODE, COURSE_CODE, MAX_STUDENT)
VALUES ("LNG106_6", "LNG106", 35);
INSERT INTO SECTION (SECTION_CODE, COURSE_CODE, MAX_STUDENT)
VALUES ("LNG106_7", "LNG106", 35);
INSERT INTO SECTION (SECTION_CODE, COURSE_CODE, MAX_STUDENT)
VALUES ("CVE231_31", "CVE231", 35);
INSERT INTO SECTION (SECTION_CODE, COURSE_CODE, MAX_STUDENT)
VALUES ("CVE231_32", "CVE231", 35);
INSERT INTO SECTION (SECTION_CODE, COURSE_CODE, MAX_STUDENT)
VALUES ("CVE221_31", "CVE221", 35);
INSERT INTO SECTION (SECTION_CODE, COURSE_CODE, MAX_STUDENT)
VALUES ("CVE221_32", "CVE221", 35);
INSERT INTO SECTION (SECTION_CODE, COURSE_CODE, MAX_STUDENT)
VALUES ("CVE223_31", "CVE223", 35);
INSERT INTO SECTION (SECTION_CODE, COURSE_CODE, MAX_STUDENT)
VALUES ("CVE223_32", "CVE223", 35);
INSERT INTO SECTION (SECTION_CODE, COURSE_CODE, MAX_STUDENT)
VALUES ("CVE236_31", "CVE236", 35);
INSERT INTO SECTION (SECTION_CODE, COURSE_CODE, MAX_STUDENT)
VALUES ("CVE236_32", "CVE236", 35);
INSERT INTO SECTION (SECTION_CODE, COURSE_CODE, MAX_STUDENT)
VALUES ("LNG107_3", "LNG107", 35);
INSERT INTO SECTION (SECTION_CODE, COURSE_CODE, MAX_STUDENT)
VALUES ("LNG107_4", "LNG107", 35);
INSERT INTO SECTION (SECTION_CODE, COURSE_CODE, MAX_STUDENT)
VALUES ("LNG107_5", "LNG107", 35);
INSERT INTO SECTION (SECTION_CODE, COURSE_CODE, MAX_STUDENT)
VALUES ("CVE200_31", "CVE200", 35);
INSERT INTO SECTION (SECTION_CODE, COURSE_CODE, MAX_STUDENT)
VALUES ("CVE200_32", "CVE200", 35);
INSERT INTO SECTION (SECTION_CODE, COURSE_CODE, MAX_STUDENT)
VALUES ("CVE233_31", "CVE233", 35);
INSERT INTO SECTION (SECTION_CODE, COURSE_CODE, MAX_STUDENT)
VALUES ("CVE233_32", "CVE233", 35);
INSERT INTO SECTION (SECTION_CODE, COURSE_CODE, MAX_STUDENT)
VALUES ("CVE240_31", "CVE240", 35);
INSERT INTO SECTION (SECTION_CODE, COURSE_CODE, MAX_STUDENT)
VALUES ("CVE240_32", "CVE240", 35);
INSERT INTO SECTION (SECTION_CODE, COURSE_CODE, MAX_STUDENT)
VALUES ("CVE261_31", "CVE261", 35);
INSERT INTO SECTION (SECTION_CODE, COURSE_CODE, MAX_STUDENT)
VALUES ("CVE261_32", "CVE261", 35);
INSERT INTO SECTION (SECTION_CODE, COURSE_CODE, MAX_STUDENT)
VALUES ("CVE281_31", "CVE281", 35);
INSERT INTO SECTION (SECTION_CODE, COURSE_CODE, MAX_STUDENT)
VALUES ("CVE281_32", "CVE281", 35);
INSERT INTO SECTION (SECTION_CODE, COURSE_CODE, MAX_STUDENT)
VALUES ("CVE335_31", "CVE335", 35);
INSERT INTO SECTION (SECTION_CODE, COURSE_CODE, MAX_STUDENT)
VALUES ("CVE335_32", "CVE335", 35);
INSERT INTO SECTION (SECTION_CODE, COURSE_CODE, MAX_STUDENT)
VALUES ("CVE337_31", "CVE337", 35);
INSERT INTO SECTION (SECTION_CODE, COURSE_CODE, MAX_STUDENT)
VALUES ("CVE337_32", "CVE337", 35);
INSERT INTO SECTION (SECTION_CODE, COURSE_CODE, MAX_STUDENT)
VALUES ("CVE362_31", "CVE362", 35);
INSERT INTO SECTION (SECTION_CODE, COURSE_CODE, MAX_STUDENT)
VALUES ("CVE362_32", "CVE362", 35);
INSERT INTO SECTION (SECTION_CODE, COURSE_CODE, MAX_STUDENT)
VALUES ("CVE363_31", "CVE363", 35);
INSERT INTO SECTION (SECTION_CODE, COURSE_CODE, MAX_STUDENT)
VALUES ("CVE363_32", "CVE363", 35);
INSERT INTO SECTION (SECTION_CODE, COURSE_CODE, MAX_STUDENT)
VALUES ("CVE382_31", "CVE382", 35);
INSERT INTO SECTION (SECTION_CODE, COURSE_CODE, MAX_STUDENT)
VALUES ("CVE382_32", "CVE382", 35);
INSERT INTO SECTION (SECTION_CODE, COURSE_CODE, MAX_STUDENT)
VALUES ("CVE386_31", "CVE386", 35);
INSERT INTO SECTION (SECTION_CODE, COURSE_CODE, MAX_STUDENT)
VALUES ("CVE386_32", "CVE386", 35);
INSERT INTO SECTION (SECTION_CODE, COURSE_CODE, MAX_STUDENT)
VALUES ("CVE394_31", "CVE394", 35);
INSERT INTO SECTION (SECTION_CODE, COURSE_CODE, MAX_STUDENT)
VALUES ("CVE394_32", "CVE394", 35);
INSERT INTO SECTION (SECTION_CODE, COURSE_CODE, MAX_STUDENT)
VALUES ("CVE338_31", "CVE338", 35);
INSERT INTO SECTION (SECTION_CODE, COURSE_CODE, MAX_STUDENT)
VALUES ("CVE338_32", "CVE338", 35);
INSERT INTO SECTION (SECTION_CODE, COURSE_CODE, MAX_STUDENT)
VALUES ("CVE341_31", "CVE341", 35);
INSERT INTO SECTION (SECTION_CODE, COURSE_CODE, MAX_STUDENT)
VALUES ("CVE341_32", "CVE341", 35);
INSERT INTO SECTION (SECTION_CODE, COURSE_CODE, MAX_STUDENT)
VALUES ("CVE342_31", "CVE342", 35);
INSERT INTO SECTION (SECTION_CODE, COURSE_CODE, MAX_STUDENT)
VALUES ("CVE342_32", "CVE342", 35);
INSERT INTO SECTION (SECTION_CODE, COURSE_CODE, MAX_STUDENT)
VALUES ("CVE371_31", "CVE371", 35);
INSERT INTO SECTION (SECTION_CODE, COURSE_CODE, MAX_STUDENT)
VALUES ("CVE371_32", "CVE371", 35);
INSERT INTO SECTION (SECTION_CODE, COURSE_CODE, MAX_STUDENT)
VALUES ("CVE401_31", "CVE401", 35);
INSERT INTO SECTION (SECTION_CODE, COURSE_CODE, MAX_STUDENT)
VALUES ("CVE401_32", "CVE401", 35);
INSERT INTO SECTION (SECTION_CODE, COURSE_CODE, MAX_STUDENT)
VALUES ("CVE415_31", "CVE415", 35);
INSERT INTO SECTION (SECTION_CODE, COURSE_CODE, MAX_STUDENT)
VALUES ("CVE415_32", "CVE415", 35);
INSERT INTO SECTION (SECTION_CODE, COURSE_CODE, MAX_STUDENT)
VALUES ("CVE402_31", "CVE402", 35);
INSERT INTO SECTION (SECTION_CODE, COURSE_CODE, MAX_STUDENT)
VALUES ("CVE402_32", "CVE402", 35);
/* Elective Course */
INSERT INTO SECTION (SECTION_CODE, COURSE_CODE, MAX_STUDENT)
VALUES ("CVE443_31", "CVE443", 40);
INSERT INTO SECTION (SECTION_CODE, COURSE_CODE, MAX_STUDENT)
VALUES ("CVE444_31", "CVE444", 40);
INSERT INTO SECTION (SECTION_CODE, COURSE_CODE, MAX_STUDENT)
VALUES ("CVE445_31", "CVE445", 40);
INSERT INTO SECTION (SECTION_CODE, COURSE_CODE, MAX_STUDENT)
VALUES ("CVE446_31", "CVE446", 40);
INSERT INTO SECTION (SECTION_CODE, COURSE_CODE, MAX_STUDENT)
VALUES ("CVE447_31", "CVE447", 40);
INSERT INTO SECTION (SECTION_CODE, COURSE_CODE, MAX_STUDENT)
VALUES ("CVE448_31", "CVE448", 40);
INSERT INTO SECTION (SECTION_CODE, COURSE_CODE, MAX_STUDENT)
VALUES ("CVE449_31", "CVE449", 40);
INSERT INTO SECTION (SECTION_CODE, COURSE_CODE, MAX_STUDENT)
VALUES ("CVE226_31", "CVE226", 40);
INSERT INTO SECTION (SECTION_CODE, COURSE_CODE, MAX_STUDENT)
VALUES ("CVE421_31", "CVE421", 40);
INSERT INTO SECTION (SECTION_CODE, COURSE_CODE, MAX_STUDENT)
VALUES ("CVE422_31", "CVE422", 40);
INSERT INTO SECTION (SECTION_CODE, COURSE_CODE, MAX_STUDENT)
VALUES ("CVE425_31", "CVE425", 40);
INSERT INTO SECTION (SECTION_CODE, COURSE_CODE, MAX_STUDENT)
VALUES ("CVE426_31", "CVE426", 40);
INSERT INTO SECTION (SECTION_CODE, COURSE_CODE, MAX_STUDENT)
VALUES ("CVE428_31", "CVE428", 40);
INSERT INTO SECTION (SECTION_CODE, COURSE_CODE, MAX_STUDENT)
VALUES ("CVE372_31", "CVE372", 40);
INSERT INTO SECTION (SECTION_CODE, COURSE_CODE, MAX_STUDENT)
VALUES ("CVE473_31", "CVE473", 40);


/* INSERT DATA IN ENROLLED_SECTION */
INSERT INTO ENROLLED_SECTION (ENROLLMENT_ID, SECTION_CODE, GRADE)
VALUES ("6307050340412563", "CPE100_32", 4);
INSERT INTO ENROLLED_SECTION (ENROLLMENT_ID, SECTION_CODE, GRADE)
VALUES ("6307050340412563", "CPE101_32", 3.5);
INSERT INTO ENROLLED_SECTION (ENROLLMENT_ID, SECTION_CODE, GRADE)
VALUES ("6307050340412563", "CPE121_32", 4);
INSERT INTO ENROLLED_SECTION (ENROLLMENT_ID, SECTION_CODE, GRADE)
VALUES ("6307050340412563", "LNG221_3", 4);
INSERT INTO ENROLLED_SECTION (ENROLLMENT_ID, SECTION_CODE, GRADE)
VALUES ("6307050340412563", "MTH101_32", 3.5);
INSERT INTO ENROLLED_SECTION (ENROLLMENT_ID, SECTION_CODE, GRADE)
VALUES ("6307050340412563", "PHY103_35", 4);
INSERT INTO ENROLLED_SECTION (ENROLLMENT_ID, SECTION_CODE, GRADE)
VALUES ("6307050340422563", "CPE111_32", 3.5);
INSERT INTO ENROLLED_SECTION (ENROLLMENT_ID, SECTION_CODE, GRADE)
VALUES ("6307050340422563", "CPE122_32", 4);
INSERT INTO ENROLLED_SECTION (ENROLLMENT_ID, SECTION_CODE, GRADE)
VALUES ("6307050340422563", "GEN121_51", 4);
INSERT INTO ENROLLED_SECTION (ENROLLMENT_ID, SECTION_CODE, GRADE)
VALUES ("6307050340422563", "LNG222_4", 4);
INSERT INTO ENROLLED_SECTION (ENROLLMENT_ID, SECTION_CODE, GRADE)
VALUES ("6307050340422563", "MTH102_34", 3);
INSERT INTO ENROLLED_SECTION (ENROLLMENT_ID, SECTION_CODE, GRADE)
VALUES ("6307050340422563", "PHY104_35", 3);
INSERT INTO ENROLLED_SECTION (ENROLLMENT_ID, SECTION_CODE, GRADE)
VALUES ("6307050340512562", "CPE100_31", -1);
INSERT INTO ENROLLED_SECTION (ENROLLMENT_ID, SECTION_CODE, GRADE)
VALUES ("6307050340512562", "CPE101_31", -1);
INSERT INTO ENROLLED_SECTION (ENROLLMENT_ID, SECTION_CODE, GRADE)
VALUES ("6307050340512562", "CPE121_31", -1);
INSERT INTO ENROLLED_SECTION (ENROLLMENT_ID, SECTION_CODE, GRADE)
VALUES ("6307050340512562", "LNG221_2", -1);
INSERT INTO ENROLLED_SECTION (ENROLLMENT_ID, SECTION_CODE, GRADE)
VALUES ("6307050340512562", "MTH101_32", -1);
INSERT INTO ENROLLED_SECTION (ENROLLMENT_ID, SECTION_CODE, GRADE)
VALUES ("6307050340512562", "PHY103_35", -1);
INSERT INTO ENROLLED_SECTION (ENROLLMENT_ID, SECTION_CODE, GRADE)
VALUES ("6307050340522562", "CPE100_31", 1.5);
INSERT INTO ENROLLED_SECTION (ENROLLMENT_ID, SECTION_CODE, GRADE)
VALUES ("6307050340522562", "CPE101_31", 3.5);
INSERT INTO ENROLLED_SECTION (ENROLLMENT_ID, SECTION_CODE, GRADE)
VALUES ("6307050340522562", "CPE111_31", 2.5);
INSERT INTO ENROLLED_SECTION (ENROLLMENT_ID, SECTION_CODE, GRADE)
VALUES ("6307050340522562", "CPE121_31", 2.5);
INSERT INTO ENROLLED_SECTION (ENROLLMENT_ID, SECTION_CODE, GRADE)
VALUES ("6307050340522562", "CPE122_31", 2.5);
INSERT INTO ENROLLED_SECTION (ENROLLMENT_ID, SECTION_CODE, GRADE)
VALUES ("6307050340522562", "GEN121_50", 3.5);
INSERT INTO ENROLLED_SECTION (ENROLLMENT_ID, SECTION_CODE, GRADE)
VALUES ("6307050340522562", "LNG221_2", 3);
INSERT INTO ENROLLED_SECTION (ENROLLMENT_ID, SECTION_CODE, GRADE)
VALUES ("6307050340522562", "LNG222_3", 3.5);
INSERT INTO ENROLLED_SECTION (ENROLLMENT_ID, SECTION_CODE, GRADE)
VALUES ("6307050340522562", "MTH101_32", 2.5);
INSERT INTO ENROLLED_SECTION (ENROLLMENT_ID, SECTION_CODE, GRADE)
VALUES ("6307050340522562", "MTH102_34", 2.5);
INSERT INTO ENROLLED_SECTION (ENROLLMENT_ID, SECTION_CODE, GRADE)
VALUES ("6307050340522562", "PHY103_35", 2.5);
INSERT INTO ENROLLED_SECTION (ENROLLMENT_ID, SECTION_CODE, GRADE)
VALUES ("6307050340522562", "PHY104_34", 3);
INSERT INTO ENROLLED_SECTION (ENROLLMENT_ID, SECTION_CODE, GRADE)
VALUES ("6307050340512563", "CHM103_31", 3.5);
INSERT INTO ENROLLED_SECTION (ENROLLMENT_ID, SECTION_CODE, GRADE)
VALUES ("6307050340512563", "CPE212_31", 4);
INSERT INTO ENROLLED_SECTION (ENROLLMENT_ID, SECTION_CODE, GRADE)
VALUES ("6307050340512563", "CPE223_31", 4);
INSERT INTO ENROLLED_SECTION (ENROLLMENT_ID, SECTION_CODE, GRADE)
VALUES ("6307050340512563", "GEN101_69", 4);
INSERT INTO ENROLLED_SECTION (ENROLLMENT_ID, SECTION_CODE, GRADE)
VALUES ("6307050340512563", "GEN231_34", 4);
INSERT INTO ENROLLED_SECTION (ENROLLMENT_ID, SECTION_CODE, GRADE)
VALUES ("6307050340512563", "LNG321_2", 4);
INSERT INTO ENROLLED_SECTION (ENROLLMENT_ID, SECTION_CODE, GRADE)
VALUES ("6307050340512563", "MTH201_30", 3.5);
INSERT INTO ENROLLED_SECTION (ENROLLMENT_ID, SECTION_CODE, GRADE)
VALUES ("6307050340522563", "CPE213_31", 4);
INSERT INTO ENROLLED_SECTION (ENROLLMENT_ID, SECTION_CODE, GRADE)
VALUES ("6307050340522563", "CPE224_31", 4);
INSERT INTO ENROLLED_SECTION (ENROLLMENT_ID, SECTION_CODE, GRADE)
VALUES ("6307050340522563", "CPE231_31", 4);
INSERT INTO ENROLLED_SECTION (ENROLLMENT_ID, SECTION_CODE, GRADE)
VALUES ("6307050340522563", "GEN111_34", 4);
INSERT INTO ENROLLED_SECTION (ENROLLMENT_ID, SECTION_CODE, GRADE)
VALUES ("6307050340522563", "GEN341_31", 4);
INSERT INTO ENROLLED_SECTION (ENROLLMENT_ID, SECTION_CODE, GRADE)
VALUES ("6307050340522563", "STA302_31", 3.5);
INSERT INTO ENROLLED_SECTION (ENROLLMENT_ID, SECTION_CODE, GRADE)
VALUES ("6307050341012561", "CPE100_31", 4);
INSERT INTO ENROLLED_SECTION (ENROLLMENT_ID, SECTION_CODE, GRADE)
VALUES ("6307050341012561", "CPE101_31", 3.5);
INSERT INTO ENROLLED_SECTION (ENROLLMENT_ID, SECTION_CODE, GRADE)
VALUES ("6307050341012561", "CPE121_31", 4);
INSERT INTO ENROLLED_SECTION (ENROLLMENT_ID, SECTION_CODE, GRADE)
VALUES ("6307050341012561", "LNG221_2", 4);
INSERT INTO ENROLLED_SECTION (ENROLLMENT_ID, SECTION_CODE, GRADE)
VALUES ("6307050341012561", "MTH101_32", 4);
INSERT INTO ENROLLED_SECTION (ENROLLMENT_ID, SECTION_CODE, GRADE)
VALUES ("6307050341012561", "PHY103_35", 4);
INSERT INTO ENROLLED_SECTION (ENROLLMENT_ID, SECTION_CODE, GRADE)
VALUES ("6307050341022561", "CPE111_31", 4);
INSERT INTO ENROLLED_SECTION (ENROLLMENT_ID, SECTION_CODE, GRADE)
VALUES ("6307050341022561", "CPE122_31", 4);
INSERT INTO ENROLLED_SECTION (ENROLLMENT_ID, SECTION_CODE, GRADE)
VALUES ("6307050341022561", "GEN121_50", 4);
INSERT INTO ENROLLED_SECTION (ENROLLMENT_ID, SECTION_CODE, GRADE)
VALUES ("6307050341022561", "LNG222_3", 4);
INSERT INTO ENROLLED_SECTION (ENROLLMENT_ID, SECTION_CODE, GRADE)
VALUES ("6307050341022561", "MTH102_34", 4);
INSERT INTO ENROLLED_SECTION (ENROLLMENT_ID, SECTION_CODE, GRADE)
VALUES ("6307050341022561", "PHY104_34", 4);
INSERT INTO ENROLLED_SECTION (ENROLLMENT_ID, SECTION_CODE, GRADE)
VALUES ("6307050341012562", "CPE212_31", 4);
INSERT INTO ENROLLED_SECTION (ENROLLMENT_ID, SECTION_CODE, GRADE)
VALUES ("6307050341012562", "CPE223_31", 4);
INSERT INTO ENROLLED_SECTION (ENROLLMENT_ID, SECTION_CODE, GRADE)
VALUES ("6307050341012562", "GEN101_69", 4);
INSERT INTO ENROLLED_SECTION (ENROLLMENT_ID, SECTION_CODE, GRADE)
VALUES ("6307050341012562", "GEN231_35", 3.5);
INSERT INTO ENROLLED_SECTION (ENROLLMENT_ID, SECTION_CODE, GRADE)
VALUES ("6307050341012562", "LNG321_2", 4);
INSERT INTO ENROLLED_SECTION (ENROLLMENT_ID, SECTION_CODE, GRADE)
VALUES ("6307050341012562", "MIC101_31", 4);
INSERT INTO ENROLLED_SECTION (ENROLLMENT_ID, SECTION_CODE, GRADE)
VALUES ("6307050341012562", "MTH201_30", 4);
INSERT INTO ENROLLED_SECTION (ENROLLMENT_ID, SECTION_CODE, GRADE)
VALUES ("6307050341022562", "CPE213_31", 4);
INSERT INTO ENROLLED_SECTION (ENROLLMENT_ID, SECTION_CODE, GRADE)
VALUES ("6307050341022562", "CPE224_31", 4);
INSERT INTO ENROLLED_SECTION (ENROLLMENT_ID, SECTION_CODE, GRADE)
VALUES ("6307050341022562", "CPE231_31", 4);
INSERT INTO ENROLLED_SECTION (ENROLLMENT_ID, SECTION_CODE, GRADE)
VALUES ("6307050341022562", "GEN111_35", 4);
INSERT INTO ENROLLED_SECTION (ENROLLMENT_ID, SECTION_CODE, GRADE)
VALUES ("6307050341022562", "GEN352_31", 4);
INSERT INTO ENROLLED_SECTION (ENROLLMENT_ID, SECTION_CODE, GRADE)
VALUES ("6307050341022562", "STA302_31", 4);
INSERT INTO ENROLLED_SECTION (ENROLLMENT_ID, SECTION_CODE, GRADE)
VALUES ("6307050341012563", "CPE325_31", 3.5);
INSERT INTO ENROLLED_SECTION (ENROLLMENT_ID, SECTION_CODE, GRADE)
VALUES ("6307050341012563", "CPE326_31", 4);
INSERT INTO ENROLLED_SECTION (ENROLLMENT_ID, SECTION_CODE, GRADE)
VALUES ("6307050341012563", "CPE327_31", 4);
INSERT INTO ENROLLED_SECTION (ENROLLMENT_ID, SECTION_CODE, GRADE)
VALUES ("6307050341012563", "CPE332_31", 3);
INSERT INTO ENROLLED_SECTION (ENROLLMENT_ID, SECTION_CODE, GRADE)
VALUES ("6307050341012563", "GEN241_35", 4);
INSERT INTO ENROLLED_SECTION (ENROLLMENT_ID, SECTION_CODE, GRADE)
VALUES ("6307050341012563", "PRE380_31", 4);
INSERT INTO ENROLLED_SECTION (ENROLLMENT_ID, SECTION_CODE, GRADE)
VALUES ("6307050341022563", "CPE314_31", 4);
INSERT INTO ENROLLED_SECTION (ENROLLMENT_ID, SECTION_CODE, GRADE)
VALUES ("6307050341022563", "CPE329_31", 4);
INSERT INTO ENROLLED_SECTION (ENROLLMENT_ID, SECTION_CODE, GRADE)
VALUES ("6307050341022563", "CPE344_31", 3.5);
INSERT INTO ENROLLED_SECTION (ENROLLMENT_ID, SECTION_CODE, GRADE)
VALUES ("6307050341022563", "CPE462_31", 3.5);
INSERT INTO ENROLLED_SECTION (ENROLLMENT_ID, SECTION_CODE, GRADE)
VALUES ("6307050341022563", "GEN331_31", 4);
INSERT INTO ENROLLED_SECTION (ENROLLMENT_ID, SECTION_CODE, GRADE)
VALUES ("6307050341022563", "GEN351_31", 4);
INSERT INTO ENROLLED_SECTION (ENROLLMENT_ID, SECTION_CODE, GRADE)
VALUES ("6307050342012563", "CHE103_31", 4);
INSERT INTO ENROLLED_SECTION (ENROLLMENT_ID, SECTION_CODE, GRADE)
VALUES ("6307050342012563", "CHM103_31", 3.5);
INSERT INTO ENROLLED_SECTION (ENROLLMENT_ID, SECTION_CODE, GRADE)
VALUES ("6307050342012563", "CHM160_31", 3);
INSERT INTO ENROLLED_SECTION (ENROLLMENT_ID, SECTION_CODE, GRADE)
VALUES ("6307050342012563", "GEN101_68", 3);
INSERT INTO ENROLLED_SECTION (ENROLLMENT_ID, SECTION_CODE, GRADE)
VALUES ("6307050342012563", "LNG221_1", 3.5);
INSERT INTO ENROLLED_SECTION (ENROLLMENT_ID, SECTION_CODE, GRADE)
VALUES ("6307050342012563", "MTH101_31", 4);
INSERT INTO ENROLLED_SECTION (ENROLLMENT_ID, SECTION_CODE, GRADE)
VALUES ("6307050342012563", "PHY103_35", 0);
INSERT INTO ENROLLED_SECTION (ENROLLMENT_ID, SECTION_CODE, GRADE)
VALUES ("6307050342012563", "PHY191_35", 0);
INSERT INTO ENROLLED_SECTION (ENROLLMENT_ID, SECTION_CODE, GRADE)
VALUES ("6307050342022563", "CHE210_31", 3.5);
INSERT INTO ENROLLED_SECTION (ENROLLMENT_ID, SECTION_CODE, GRADE)
VALUES ("6307050342022563", "CHE241_31", 3);
INSERT INTO ENROLLED_SECTION (ENROLLMENT_ID, SECTION_CODE, GRADE)
VALUES ("6307050342022563", "LNG222_4", 4);
INSERT INTO ENROLLED_SECTION (ENROLLMENT_ID, SECTION_CODE, GRADE)
VALUES ("6307050342022563", "MEE111_1", 4);
INSERT INTO ENROLLED_SECTION (ENROLLMENT_ID, SECTION_CODE, GRADE)
VALUES ("6307050342022563", "MTH102_35", 2.5);
INSERT INTO ENROLLED_SECTION (ENROLLMENT_ID, SECTION_CODE, GRADE)
VALUES ("6307050342022563", "PHY103_35", 4);
INSERT INTO ENROLLED_SECTION (ENROLLMENT_ID, SECTION_CODE, GRADE)
VALUES ("6307050342022563", "PHY104_34", 4);
INSERT INTO ENROLLED_SECTION (ENROLLMENT_ID, SECTION_CODE, GRADE)
VALUES ("6307050342022563", "PHY191_35", 3.5);
INSERT INTO ENROLLED_SECTION (ENROLLMENT_ID, SECTION_CODE, GRADE)
VALUES ("6307050342022563", "PHY192_35", 4);
INSERT INTO ENROLLED_SECTION (ENROLLMENT_ID, SECTION_CODE, GRADE)
VALUES ("6307050342312562", "CHE103_32", 3.5);
INSERT INTO ENROLLED_SECTION (ENROLLMENT_ID, SECTION_CODE, GRADE)
VALUES ("6307050342312562", "CHM103_32", 3.5);
INSERT INTO ENROLLED_SECTION (ENROLLMENT_ID, SECTION_CODE, GRADE)
VALUES ("6307050342312562", "CHM160_32", 4);
INSERT INTO ENROLLED_SECTION (ENROLLMENT_ID, SECTION_CODE, GRADE)
VALUES ("6307050342312562", "GEN101_69", 2);
INSERT INTO ENROLLED_SECTION (ENROLLMENT_ID, SECTION_CODE, GRADE)
VALUES ("6307050342312562", "LNG221_3", 4);
INSERT INTO ENROLLED_SECTION (ENROLLMENT_ID, SECTION_CODE, GRADE)
VALUES ("6307050342312562", "MTH101_32", 0);
INSERT INTO ENROLLED_SECTION (ENROLLMENT_ID, SECTION_CODE, GRADE)
VALUES ("6307050342312562", "PHY103_36", 0);
INSERT INTO ENROLLED_SECTION (ENROLLMENT_ID, SECTION_CODE, GRADE)
VALUES ("6307050342312562", "PHY191_36", 3.5);
INSERT INTO ENROLLED_SECTION (ENROLLMENT_ID, SECTION_CODE, GRADE)
VALUES ("6307050342322562", "CHE210_32", 4);
INSERT INTO ENROLLED_SECTION (ENROLLMENT_ID, SECTION_CODE, GRADE)
VALUES ("6307050342322562", "CHE241_32", 3.5);
INSERT INTO ENROLLED_SECTION (ENROLLMENT_ID, SECTION_CODE, GRADE)
VALUES ("6307050342322562", "LNG222_4", 3.5);
INSERT INTO ENROLLED_SECTION (ENROLLMENT_ID, SECTION_CODE, GRADE)
VALUES ("6307050342322562", "MEE111_1", 3.5);
INSERT INTO ENROLLED_SECTION (ENROLLMENT_ID, SECTION_CODE, GRADE)
VALUES ("6307050342322562", "MTH101_32", 2);
INSERT INTO ENROLLED_SECTION (ENROLLMENT_ID, SECTION_CODE, GRADE)
VALUES ("6307050342322562", "MTH102_34", 3.5);
INSERT INTO ENROLLED_SECTION (ENROLLMENT_ID, SECTION_CODE, GRADE)
VALUES ("6307050342322562", "PHY103_36", 2);
INSERT INTO ENROLLED_SECTION (ENROLLMENT_ID, SECTION_CODE, GRADE)
VALUES ("6307050342322562", "PHY104_35", 3.5);
INSERT INTO ENROLLED_SECTION (ENROLLMENT_ID, SECTION_CODE, GRADE)
VALUES ("6307050342322562", "PHY192_36", 3);
INSERT INTO ENROLLED_SECTION (ENROLLMENT_ID, SECTION_CODE, GRADE)
VALUES ("6307050342312563", "CHE212_32", 4);
INSERT INTO ENROLLED_SECTION (ENROLLMENT_ID, SECTION_CODE, GRADE)
VALUES ("6307050342312563", "CHE214_32", 4);
INSERT INTO ENROLLED_SECTION (ENROLLMENT_ID, SECTION_CODE, GRADE)
VALUES ("6307050342312563", "CHE232_32", 3);
INSERT INTO ENROLLED_SECTION (ENROLLMENT_ID, SECTION_CODE, GRADE)
VALUES ("6307050342312563", "CHE242_32", 4);
INSERT INTO ENROLLED_SECTION (ENROLLMENT_ID, SECTION_CODE, GRADE)
VALUES ("6307050342312563", "GEN111_35", 2.5);
INSERT INTO ENROLLED_SECTION (ENROLLMENT_ID, SECTION_CODE, GRADE)
VALUES ("6307050342312563", "LNG321_2", 4);
INSERT INTO ENROLLED_SECTION (ENROLLMENT_ID, SECTION_CODE, GRADE)
VALUES ("6307050342312563", "MTH201_31", 0);
INSERT INTO ENROLLED_SECTION (ENROLLMENT_ID, SECTION_CODE, GRADE)
VALUES ("6307050342322563", "CHE333_32", 4);
INSERT INTO ENROLLED_SECTION (ENROLLMENT_ID, SECTION_CODE, GRADE)
VALUES ("6307050342322563", "CHE334_32", 3.5);
INSERT INTO ENROLLED_SECTION (ENROLLMENT_ID, SECTION_CODE, GRADE)
VALUES ("6307050342322563", "CPE100_32", 4);
INSERT INTO ENROLLED_SECTION (ENROLLMENT_ID, SECTION_CODE, GRADE)
VALUES ("6307050342322563", "GEN121_51", 3);
INSERT INTO ENROLLED_SECTION (ENROLLMENT_ID, SECTION_CODE, GRADE)
VALUES ("6307050342322563", "MEE214_1", 3.5);
INSERT INTO ENROLLED_SECTION (ENROLLMENT_ID, SECTION_CODE, GRADE)
VALUES ("6307050342322563", "MTH201_31", 4);
INSERT INTO ENROLLED_SECTION (ENROLLMENT_ID, SECTION_CODE, GRADE)
VALUES ("6307050342322563", "PRE372_31", 3.5);
INSERT INTO ENROLLED_SECTION (ENROLLMENT_ID, SECTION_CODE, GRADE)
VALUES ("6307050344012561", "CHE103_31", 4);
INSERT INTO ENROLLED_SECTION (ENROLLMENT_ID, SECTION_CODE, GRADE)
VALUES ("6307050344012561", "CHM103_31", 4);
INSERT INTO ENROLLED_SECTION (ENROLLMENT_ID, SECTION_CODE, GRADE)
VALUES ("6307050344012561", "CHM160_31", 4);
INSERT INTO ENROLLED_SECTION (ENROLLMENT_ID, SECTION_CODE, GRADE)
VALUES ("6307050344012561", "GEN101_68", 3.5);
INSERT INTO ENROLLED_SECTION (ENROLLMENT_ID, SECTION_CODE, GRADE)
VALUES ("6307050344012561", "LNG221_1", 4);
INSERT INTO ENROLLED_SECTION (ENROLLMENT_ID, SECTION_CODE, GRADE)
VALUES ("6307050344012561", "MTH101_31", 0);
INSERT INTO ENROLLED_SECTION (ENROLLMENT_ID, SECTION_CODE, GRADE)
VALUES ("6307050344012561", "PHY103_35", 4);
INSERT INTO ENROLLED_SECTION (ENROLLMENT_ID, SECTION_CODE, GRADE)
VALUES ("6307050344012561", "PHY191_35", 0);
INSERT INTO ENROLLED_SECTION (ENROLLMENT_ID, SECTION_CODE, GRADE)
VALUES ("6307050344022561", "CHE210_31", 4);
INSERT INTO ENROLLED_SECTION (ENROLLMENT_ID, SECTION_CODE, GRADE)
VALUES ("6307050344022561", "CHE241_31", 4);
INSERT INTO ENROLLED_SECTION (ENROLLMENT_ID, SECTION_CODE, GRADE)
VALUES ("6307050344022561", "LNG222_3", 3.5);
INSERT INTO ENROLLED_SECTION (ENROLLMENT_ID, SECTION_CODE, GRADE)
VALUES ("6307050344022561", "MEE111_1", 4);
INSERT INTO ENROLLED_SECTION (ENROLLMENT_ID, SECTION_CODE, GRADE)
VALUES ("6307050344022561", "MTH101_31", 2);
INSERT INTO ENROLLED_SECTION (ENROLLMENT_ID, SECTION_CODE, GRADE)
VALUES ("6307050344022561", "MTH102_34", 3);
INSERT INTO ENROLLED_SECTION (ENROLLMENT_ID, SECTION_CODE, GRADE)
VALUES ("6307050344022561", "PHY104_34", 3.5);
INSERT INTO ENROLLED_SECTION (ENROLLMENT_ID, SECTION_CODE, GRADE)
VALUES ("6307050344022561", "PHY191_35", 2);
INSERT INTO ENROLLED_SECTION (ENROLLMENT_ID, SECTION_CODE, GRADE)
VALUES ("6307050344022561", "PHY192_35", 3.5);
INSERT INTO ENROLLED_SECTION (ENROLLMENT_ID, SECTION_CODE, GRADE)
VALUES ("6307050344012562", "CHE212_31", 4);
INSERT INTO ENROLLED_SECTION (ENROLLMENT_ID, SECTION_CODE, GRADE)
VALUES ("6307050344012562", "CHE214_31", 3);
INSERT INTO ENROLLED_SECTION (ENROLLMENT_ID, SECTION_CODE, GRADE)
VALUES ("6307050344012562", "CHE232_31", 1.5);
INSERT INTO ENROLLED_SECTION (ENROLLMENT_ID, SECTION_CODE, GRADE)
VALUES ("6307050344012562", "CHE242_31", 3);
INSERT INTO ENROLLED_SECTION (ENROLLMENT_ID, SECTION_CODE, GRADE)
VALUES ("6307050344012562", "GEN111_34", 4);
INSERT INTO ENROLLED_SECTION (ENROLLMENT_ID, SECTION_CODE, GRADE)
VALUES ("6307050344012562", "LNG321_1", 4);
INSERT INTO ENROLLED_SECTION (ENROLLMENT_ID, SECTION_CODE, GRADE)
VALUES ("6307050344012562", "MTH201_31", 3.5);
INSERT INTO ENROLLED_SECTION (ENROLLMENT_ID, SECTION_CODE, GRADE)
VALUES ("6307050344022562", "CHE333_31", 4);
INSERT INTO ENROLLED_SECTION (ENROLLMENT_ID, SECTION_CODE, GRADE)
VALUES ("6307050344022562", "CHE334_31", 3.5);
INSERT INTO ENROLLED_SECTION (ENROLLMENT_ID, SECTION_CODE, GRADE)
VALUES ("6307050344022562", "CPE100_31", 4);
INSERT INTO ENROLLED_SECTION (ENROLLMENT_ID, SECTION_CODE, GRADE)
VALUES ("6307050344022562", "GEN121_51", 3);
INSERT INTO ENROLLED_SECTION (ENROLLMENT_ID, SECTION_CODE, GRADE)
VALUES ("6307050344022562", "MEE214_1", 4);
INSERT INTO ENROLLED_SECTION (ENROLLMENT_ID, SECTION_CODE, GRADE)
VALUES ("6307050344022562", "PRE372_31", 3);
INSERT INTO ENROLLED_SECTION (ENROLLMENT_ID, SECTION_CODE, GRADE)
VALUES ("6307050344012563", "CHE335_31", 4);
INSERT INTO ENROLLED_SECTION (ENROLLMENT_ID, SECTION_CODE, GRADE)
VALUES ("6307050344012563", "CHE343_31", 4);
INSERT INTO ENROLLED_SECTION (ENROLLMENT_ID, SECTION_CODE, GRADE)
VALUES ("6307050344012563", "CHE471_31", 4);
INSERT INTO ENROLLED_SECTION (ENROLLMENT_ID, SECTION_CODE, GRADE)
VALUES ("6307050344012563", "CHE481_31", 4);
INSERT INTO ENROLLED_SECTION (ENROLLMENT_ID, SECTION_CODE, GRADE)
VALUES ("6307050344012563", "GEN231_34", 3.5);
INSERT INTO ENROLLED_SECTION (ENROLLMENT_ID, SECTION_CODE, GRADE)
VALUES ("6307050344012563", "MTH303_31", 3.5);
INSERT INTO ENROLLED_SECTION (ENROLLMENT_ID, SECTION_CODE, GRADE)
VALUES ("6307050344022563", "CHE451_31", 4);
INSERT INTO ENROLLED_SECTION (ENROLLMENT_ID, SECTION_CODE, GRADE)
VALUES ("6307050344022563", "CHE461_31", 4);
INSERT INTO ENROLLED_SECTION (ENROLLMENT_ID, SECTION_CODE, GRADE)
VALUES ("6307050344022563", "CHE462_31", 3.5);
INSERT INTO ENROLLED_SECTION (ENROLLMENT_ID, SECTION_CODE, GRADE)
VALUES ("6307050344022563", "CHE482_31", 4);
INSERT INTO ENROLLED_SECTION (ENROLLMENT_ID, SECTION_CODE, GRADE)
VALUES ("6307050344022563", "GEN351_32", 3.5);
INSERT INTO ENROLLED_SECTION (ENROLLMENT_ID, SECTION_CODE, GRADE)
VALUES ("6307050344022563", "PRE380_31", 3.5);
INSERT INTO ENROLLED_SECTION (ENROLLMENT_ID, SECTION_CODE, GRADE)
VALUES ("6307050344412563", "CHM103_31", 4);
INSERT INTO ENROLLED_SECTION (ENROLLMENT_ID, SECTION_CODE, GRADE)
VALUES ("6307050344412563", "CHM160_31", 4);
INSERT INTO ENROLLED_SECTION (ENROLLMENT_ID, SECTION_CODE, GRADE)
VALUES ("6307050344412563", "CVE101_31", 4);
INSERT INTO ENROLLED_SECTION (ENROLLMENT_ID, SECTION_CODE, GRADE)
VALUES ("6307050344412563", "GEN101_69", 3.5);
INSERT INTO ENROLLED_SECTION (ENROLLMENT_ID, SECTION_CODE, GRADE)
VALUES ("6307050344412563", "LNG105_3", 3.5);
INSERT INTO ENROLLED_SECTION (ENROLLMENT_ID, SECTION_CODE, GRADE)
VALUES ("6307050344412563", "MEN111_31", 3.5);
INSERT INTO ENROLLED_SECTION (ENROLLMENT_ID, SECTION_CODE, GRADE)
VALUES ("6307050344412563", "MTH101_31", 4);
INSERT INTO ENROLLED_SECTION (ENROLLMENT_ID, SECTION_CODE, GRADE)
VALUES ("6307050344412563", "PHY103_35", 2.5);
INSERT INTO ENROLLED_SECTION (ENROLLMENT_ID, SECTION_CODE, GRADE)
VALUES ("6307050344412563", "PHY191_35", 2.5);
INSERT INTO ENROLLED_SECTION (ENROLLMENT_ID, SECTION_CODE, GRADE)
VALUES ("6307050344422563", "CVE100_31", 4);
INSERT INTO ENROLLED_SECTION (ENROLLMENT_ID, SECTION_CODE, GRADE)
VALUES ("6307050344422563", "CVE111_31", 4);
INSERT INTO ENROLLED_SECTION (ENROLLMENT_ID, SECTION_CODE, GRADE)
VALUES ("6307050344422563", "GEN111_34", 3.5);
INSERT INTO ENROLLED_SECTION (ENROLLMENT_ID, SECTION_CODE, GRADE)
VALUES ("6307050344422563", "LNG106_6", 4);
INSERT INTO ENROLLED_SECTION (ENROLLMENT_ID, SECTION_CODE, GRADE)
VALUES ("6307050344422563", "MTH102_34", 4);
INSERT INTO ENROLLED_SECTION (ENROLLMENT_ID, SECTION_CODE, GRADE)
VALUES ("6307050344422563", "PHY104_34", 3.5);
INSERT INTO ENROLLED_SECTION (ENROLLMENT_ID, SECTION_CODE, GRADE)
VALUES ("6307050344422563", "PHY192_35", 4);
INSERT INTO ENROLLED_SECTION (ENROLLMENT_ID, SECTION_CODE, GRADE)
VALUES ("6307050344612562", "CHM103_32", 2.5);
INSERT INTO ENROLLED_SECTION (ENROLLMENT_ID, SECTION_CODE, GRADE)
VALUES ("6307050344612562", "CHM160_32", 1.5);
INSERT INTO ENROLLED_SECTION (ENROLLMENT_ID, SECTION_CODE, GRADE)
VALUES ("6307050344612562", "CVE101_32", 4);
INSERT INTO ENROLLED_SECTION (ENROLLMENT_ID, SECTION_CODE, GRADE)
VALUES ("6307050344612562", "GEN101_69", 4);
INSERT INTO ENROLLED_SECTION (ENROLLMENT_ID, SECTION_CODE, GRADE)
VALUES ("6307050344612562", "LNG105_1", 3);
INSERT INTO ENROLLED_SECTION (ENROLLMENT_ID, SECTION_CODE, GRADE)
VALUES ("6307050344612562", "MEN111_31", 3.5);
INSERT INTO ENROLLED_SECTION (ENROLLMENT_ID, SECTION_CODE, GRADE)
VALUES ("6307050344612562", "MTH101_32", 0);
INSERT INTO ENROLLED_SECTION (ENROLLMENT_ID, SECTION_CODE, GRADE)
VALUES ("6307050344612562", "PHY103_36", 0);
INSERT INTO ENROLLED_SECTION (ENROLLMENT_ID, SECTION_CODE, GRADE)
VALUES ("6307050344612562", "PHY191_36", 4);
INSERT INTO ENROLLED_SECTION (ENROLLMENT_ID, SECTION_CODE, GRADE)
VALUES ("6307050344622562", "CVE100_32", 4);
INSERT INTO ENROLLED_SECTION (ENROLLMENT_ID, SECTION_CODE, GRADE)
VALUES ("6307050344622562", "CVE111_32", 3.5);
INSERT INTO ENROLLED_SECTION (ENROLLMENT_ID, SECTION_CODE, GRADE)
VALUES ("6307050344622562", "GEN111_35", 3);
INSERT INTO ENROLLED_SECTION (ENROLLMENT_ID, SECTION_CODE, GRADE)
VALUES ("6307050344622562", "LNG106_6", 4);
INSERT INTO ENROLLED_SECTION (ENROLLMENT_ID, SECTION_CODE, GRADE)
VALUES ("6307050344622562", "MTH101_32", 2.5);
INSERT INTO ENROLLED_SECTION (ENROLLMENT_ID, SECTION_CODE, GRADE)
VALUES ("6307050344622562", "MTH102_34", 4);
INSERT INTO ENROLLED_SECTION (ENROLLMENT_ID, SECTION_CODE, GRADE)
VALUES ("6307050344622562", "PHY103_36", 1.5);
INSERT INTO ENROLLED_SECTION (ENROLLMENT_ID, SECTION_CODE, GRADE)
VALUES ("6307050344622562", "PHY104_35", 4);
INSERT INTO ENROLLED_SECTION (ENROLLMENT_ID, SECTION_CODE, GRADE)
VALUES ("6307050344622562", "PHY192_36", 3);
INSERT INTO ENROLLED_SECTION (ENROLLMENT_ID, SECTION_CODE, GRADE)
VALUES ("6307050344612563", "CVE221_32", 4);
INSERT INTO ENROLLED_SECTION (ENROLLMENT_ID, SECTION_CODE, GRADE)
VALUES ("6307050344612563", "CVE223_32", 4);
INSERT INTO ENROLLED_SECTION (ENROLLMENT_ID, SECTION_CODE, GRADE)
VALUES ("6307050344612563", "CVE231_32", 4);
INSERT INTO ENROLLED_SECTION (ENROLLMENT_ID, SECTION_CODE, GRADE)
VALUES ("6307050344612563", "CVE236_32", 3.5);
INSERT INTO ENROLLED_SECTION (ENROLLMENT_ID, SECTION_CODE, GRADE)
VALUES ("6307050344612563", "GEN121_50", 2.5);
INSERT INTO ENROLLED_SECTION (ENROLLMENT_ID, SECTION_CODE, GRADE)
VALUES ("6307050344612563", "LNG107_5", 2);
INSERT INTO ENROLLED_SECTION (ENROLLMENT_ID, SECTION_CODE, GRADE)
VALUES ("6307050344612563", "MTH201_31", 3.5);
INSERT INTO ENROLLED_SECTION (ENROLLMENT_ID, SECTION_CODE, GRADE)
VALUES ("6307050344622563", "CVE200_32", 4);
INSERT INTO ENROLLED_SECTION (ENROLLMENT_ID, SECTION_CODE, GRADE)
VALUES ("6307050344622563", "CVE233_32", 4);
INSERT INTO ENROLLED_SECTION (ENROLLMENT_ID, SECTION_CODE, GRADE)
VALUES ("6307050344622563", "CVE240_32", 4);
INSERT INTO ENROLLED_SECTION (ENROLLMENT_ID, SECTION_CODE, GRADE)
VALUES ("6307050344622563", "CVE261_32", 4);
INSERT INTO ENROLLED_SECTION (ENROLLMENT_ID, SECTION_CODE, GRADE)
VALUES ("6307050344622563", "CVE281_32", 4);
INSERT INTO ENROLLED_SECTION (ENROLLMENT_ID, SECTION_CODE, GRADE)
VALUES ("6307050344622563", "GEN231_35", 4);
INSERT INTO ENROLLED_SECTION (ENROLLMENT_ID, SECTION_CODE, GRADE)
VALUES ("6307050345812561", "CHM103_31", 3.5);
INSERT INTO ENROLLED_SECTION (ENROLLMENT_ID, SECTION_CODE, GRADE)
VALUES ("6307050345812561", "CHM160_31", 4);
INSERT INTO ENROLLED_SECTION (ENROLLMENT_ID, SECTION_CODE, GRADE)
VALUES ("6307050345812561", "CVE101_31", 4);
INSERT INTO ENROLLED_SECTION (ENROLLMENT_ID, SECTION_CODE, GRADE)
VALUES ("6307050345812561", "GEN101_68", 3.5);
INSERT INTO ENROLLED_SECTION (ENROLLMENT_ID, SECTION_CODE, GRADE)
VALUES ("6307050345812561", "LNG105_2", 4);
INSERT INTO ENROLLED_SECTION (ENROLLMENT_ID, SECTION_CODE, GRADE)
VALUES ("6307050345812561", "MEN111_31", 4);
INSERT INTO ENROLLED_SECTION (ENROLLMENT_ID, SECTION_CODE, GRADE)
VALUES ("6307050345812561", "MTH101_31", 0);
INSERT INTO ENROLLED_SECTION (ENROLLMENT_ID, SECTION_CODE, GRADE)
VALUES ("6307050345812561", "PHY103_36", 4);
INSERT INTO ENROLLED_SECTION (ENROLLMENT_ID, SECTION_CODE, GRADE)
VALUES ("6307050345812561", "PHY191_36", 0);
INSERT INTO ENROLLED_SECTION (ENROLLMENT_ID, SECTION_CODE, GRADE)
VALUES ("6307050345822561", "CVE100_31", 4);
INSERT INTO ENROLLED_SECTION (ENROLLMENT_ID, SECTION_CODE, GRADE)
VALUES ("6307050345822561", "CVE111_31", 3.5);
INSERT INTO ENROLLED_SECTION (ENROLLMENT_ID, SECTION_CODE, GRADE)
VALUES ("6307050345822561", "GEN111_34", 3.5);
INSERT INTO ENROLLED_SECTION (ENROLLMENT_ID, SECTION_CODE, GRADE)
VALUES ("6307050345822561", "LNG106_7", 4);
INSERT INTO ENROLLED_SECTION (ENROLLMENT_ID, SECTION_CODE, GRADE)
VALUES ("6307050345822561", "MTH101_31", 3.5);
INSERT INTO ENROLLED_SECTION (ENROLLMENT_ID, SECTION_CODE, GRADE)
VALUES ("6307050345822561", "MTH102_34", 2.5);
INSERT INTO ENROLLED_SECTION (ENROLLMENT_ID, SECTION_CODE, GRADE)
VALUES ("6307050345822561", "PHY104_34", 4);
INSERT INTO ENROLLED_SECTION (ENROLLMENT_ID, SECTION_CODE, GRADE)
VALUES ("6307050345822561", "PHY191_35", 2.5);
INSERT INTO ENROLLED_SECTION (ENROLLMENT_ID, SECTION_CODE, GRADE)
VALUES ("6307050345822561", "PHY192_35", 3);
INSERT INTO ENROLLED_SECTION (ENROLLMENT_ID, SECTION_CODE, GRADE)
VALUES ("6307050345812562", "CVE221_31", 3.5);
INSERT INTO ENROLLED_SECTION (ENROLLMENT_ID, SECTION_CODE, GRADE)
VALUES ("6307050345812562", "CVE223_31", 4);
INSERT INTO ENROLLED_SECTION (ENROLLMENT_ID, SECTION_CODE, GRADE)
VALUES ("6307050345812562", "CVE231_31", 4);
INSERT INTO ENROLLED_SECTION (ENROLLMENT_ID, SECTION_CODE, GRADE)
VALUES ("6307050345812562", "CVE236_31", 2.5);
INSERT INTO ENROLLED_SECTION (ENROLLMENT_ID, SECTION_CODE, GRADE)
VALUES ("6307050345812562", "GEN121_51", 4);
INSERT INTO ENROLLED_SECTION (ENROLLMENT_ID, SECTION_CODE, GRADE)
VALUES ("6307050345812562", "LNG107_4", 2);
INSERT INTO ENROLLED_SECTION (ENROLLMENT_ID, SECTION_CODE, GRADE)
VALUES ("6307050345812562", "MTH201_31", 4);
INSERT INTO ENROLLED_SECTION (ENROLLMENT_ID, SECTION_CODE, GRADE)
VALUES ("6307050345822562", "CVE200_31", 4);
INSERT INTO ENROLLED_SECTION (ENROLLMENT_ID, SECTION_CODE, GRADE)
VALUES ("6307050345822562", "CVE233_31", 3);
INSERT INTO ENROLLED_SECTION (ENROLLMENT_ID, SECTION_CODE, GRADE)
VALUES ("6307050345822562", "CVE240_31", 3.5);
INSERT INTO ENROLLED_SECTION (ENROLLMENT_ID, SECTION_CODE, GRADE)
VALUES ("6307050345822562", "CVE261_31", 4);
INSERT INTO ENROLLED_SECTION (ENROLLMENT_ID, SECTION_CODE, GRADE)
VALUES ("6307050345822562", "CVE281_31", 3.5);
INSERT INTO ENROLLED_SECTION (ENROLLMENT_ID, SECTION_CODE, GRADE)
VALUES ("6307050345822562", "GEN231_34", 4);
INSERT INTO ENROLLED_SECTION (ENROLLMENT_ID, SECTION_CODE, GRADE)
VALUES ("6307050345812563", "CVE335_31", 4);
INSERT INTO ENROLLED_SECTION (ENROLLMENT_ID, SECTION_CODE, GRADE)
VALUES ("6307050345812563", "CVE337_31", 3.5);
INSERT INTO ENROLLED_SECTION (ENROLLMENT_ID, SECTION_CODE, GRADE)
VALUES ("6307050345812563", "CVE362_31", 4);
INSERT INTO ENROLLED_SECTION (ENROLLMENT_ID, SECTION_CODE, GRADE)
VALUES ("6307050345812563", "CVE363_31", 4);
INSERT INTO ENROLLED_SECTION (ENROLLMENT_ID, SECTION_CODE, GRADE)
VALUES ("6307050345812563", "CVE382_31", 4);
INSERT INTO ENROLLED_SECTION (ENROLLMENT_ID, SECTION_CODE, GRADE)
VALUES ("6307050345812563", "CVE386_31", 4);
INSERT INTO ENROLLED_SECTION (ENROLLMENT_ID, SECTION_CODE, GRADE)
VALUES ("6307050345812563", "CVE394_31", 4);
INSERT INTO ENROLLED_SECTION (ENROLLMENT_ID, SECTION_CODE, GRADE)
VALUES ("6307050345812563", "GEN241_35", 3);
INSERT INTO ENROLLED_SECTION (ENROLLMENT_ID, SECTION_CODE, GRADE)
VALUES ("6307050345822563", "CVE338_31", 4);
INSERT INTO ENROLLED_SECTION (ENROLLMENT_ID, SECTION_CODE, GRADE)
VALUES ("6307050345822563", "CVE341_31", 3);
INSERT INTO ENROLLED_SECTION (ENROLLMENT_ID, SECTION_CODE, GRADE)
VALUES ("6307050345822563", "CVE342_31", 4);
INSERT INTO ENROLLED_SECTION (ENROLLMENT_ID, SECTION_CODE, GRADE)
VALUES ("6307050345822563", "CVE371_31", 4);
INSERT INTO ENROLLED_SECTION (ENROLLMENT_ID, SECTION_CODE, GRADE)
VALUES ("6307050345822563", "CVE446_31", 4);


/* INSERT DATA IN TEACHER */
INSERT INTO TEACHER (TEACHER_ID, FIRST_NAME, LAST_NAME, DEPARTMENT)
VALUES ("T0001", "SALLY", "GOLDIN", "COMPUTER ENGINEERING");
INSERT INTO TEACHER (TEACHER_ID, FIRST_NAME, LAST_NAME, DEPARTMENT)
VALUES ("T0002", "JUMPOL", "POLVICHAI", "COMPUTER ENGINEERING");
INSERT INTO TEACHER (TEACHER_ID, FIRST_NAME, LAST_NAME, DEPARTMENT)
VALUES ("T0003", "NARUEMON", "WATTANAPONGSAKORN", "COMPUTER ENGINEERING");
INSERT INTO TEACHER (TEACHER_ID, FIRST_NAME, LAST_NAME, DEPARTMENT)
VALUES ("T0004", "SANAN", "SRAKAEW", "COMPUTER ENGINEERING");
INSERT INTO TEACHER (TEACHER_ID, FIRST_NAME, LAST_NAME, DEPARTMENT)
VALUES ("T0005", "PEERAPON", "SIRIPONGWUTIKORN", "COMPUTER ENGINEERING");
INSERT INTO TEACHER (TEACHER_ID, FIRST_NAME, LAST_NAME, DEPARTMENT)
VALUES ("T0006", "SUTHATHIP", "MANEEWONGVATANA", "COMPUTER ENGINEERING");
INSERT INTO TEACHER (TEACHER_ID, FIRST_NAME, LAST_NAME, DEPARTMENT)
VALUES ("T0007", "NUNTIPAT", "NARKTHONG", "COMPUTER ENGINEERING");
INSERT INTO TEACHER (TEACHER_ID, FIRST_NAME, LAST_NAME, DEPARTMENT)
VALUES ("T0008", "PIYANIT", "WEPULANON", "COMPUTER ENGINEERING");
INSERT INTO TEACHER (TEACHER_ID, FIRST_NAME, LAST_NAME, DEPARTMENT)
VALUES ("T0009", "BOONCHAROEN", "SIRINAOVAKUL", "COMPUTER ENGINEERING");
INSERT INTO TEACHER (TEACHER_ID, FIRST_NAME, LAST_NAME, DEPARTMENT)
VALUES ("T0010", "TIRANEE", "ACHALAKUL", "COMPUTER ENGINEERING");
INSERT INTO TEACHER (TEACHER_ID, FIRST_NAME, LAST_NAME, DEPARTMENT)
VALUES ("T0011", "THUMRONGRAT", "AMORNRAKSA", "COMPUTER ENGINEERING");
INSERT INTO TEACHER (TEACHER_ID, FIRST_NAME, LAST_NAME, DEPARTMENT)
VALUES ("T0012", "NATASHA", "DEJDUMRONG", "COMPUTER ENGINEERING");
INSERT INTO TEACHER (TEACHER_ID, FIRST_NAME, LAST_NAME, DEPARTMENT)
VALUES ("T0013", "BUNDIT", "THIPAKORN", "COMPUTER ENGINEERING");
INSERT INTO TEACHER (TEACHER_ID, FIRST_NAME, LAST_NAME, DEPARTMENT)
VALUES ("T0014", "NUTTANART", "FACUNDES", "COMPUTER ENGINEERING");
INSERT INTO TEACHER (TEACHER_ID, FIRST_NAME, LAST_NAME, DEPARTMENT)
VALUES ("T0015", "MARONG", "PHADOONGSIDHI", "COMPUTER ENGINEERING");
INSERT INTO TEACHER (TEACHER_ID, FIRST_NAME, LAST_NAME, DEPARTMENT)
VALUES ("T0016", "SURAPONT", "TOOMNARK", "COMPUTER ENGINEERING");
INSERT INTO TEACHER (TEACHER_ID, FIRST_NAME, LAST_NAME, DEPARTMENT)
VALUES ("T0017", "PRIYAKORN", "PUSAWIRO", "COMPUTER ENGINEERING");
INSERT INTO TEACHER (TEACHER_ID, FIRST_NAME, LAST_NAME, DEPARTMENT)
VALUES ("T0018", "UNCHALISA", "TAETRAGOOL", "COMPUTER ENGINEERING");
INSERT INTO TEACHER (TEACHER_ID, FIRST_NAME, LAST_NAME, DEPARTMENT)
VALUES ("T0019", "KHARITTHA", "JANGSAMSI", "COMPUTER ENGINEERING");
INSERT INTO TEACHER (TEACHER_ID, FIRST_NAME, LAST_NAME, DEPARTMENT)
VALUES ("T0020", "RAJCHAWIT", "SAROCHAWIKASIT", "COMPUTER ENGINEERING");
INSERT INTO TEACHER (TEACHER_ID, FIRST_NAME, LAST_NAME, DEPARTMENT)
VALUES ("T0021", "PANCHAN", "SRICHAROON", "CHEMICAL ENGINEERING");
INSERT INTO TEACHER (TEACHER_ID, FIRST_NAME, LAST_NAME, DEPARTMENT)
VALUES ("T0022", "CHUTIMA", "KONGVARHODOM", "CHEMICAL ENGINEERING");
INSERT INTO TEACHER (TEACHER_ID, FIRST_NAME, LAST_NAME, DEPARTMENT)
VALUES ("T0023", "SAIWAN", "NAWALERTPANYA", "CHEMICAL ENGINEERING");
INSERT INTO TEACHER (TEACHER_ID, FIRST_NAME, LAST_NAME, DEPARTMENT)
VALUES ("T0024", "JINDARAT", "PIMSAMARN", "CHEMICAL ENGINEERING");
INSERT INTO TEACHER (TEACHER_ID, FIRST_NAME, LAST_NAME, DEPARTMENT)
VALUES ("T0025", "WARITHA", "JANTAPORN", "CHEMICAL ENGINEERING");
INSERT INTO TEACHER (TEACHER_ID, FIRST_NAME, LAST_NAME, DEPARTMENT)
VALUES ("T0026", "ASAWIN", "MEECHAI", "CHEMICAL ENGINEERING");
INSERT INTO TEACHER (TEACHER_ID, FIRST_NAME, LAST_NAME, DEPARTMENT)
VALUES ("T0027", "KWANCHANOK", "VIRAVAIDYA-PASUWAT", "CHEMICAL ENGINEERING");
INSERT INTO TEACHER (TEACHER_ID, FIRST_NAME, LAST_NAME, DEPARTMENT)
VALUES ("T0028", "SUPAPORN", "THERDTHAIANWONG", "CHEMICAL ENGINEERING");
INSERT INTO TEACHER (TEACHER_ID, FIRST_NAME, LAST_NAME, DEPARTMENT)
VALUES ("T0029", "VIROTE", "BOONAMNUAYVITAYA", "CHEMICAL ENGINEERING");
INSERT INTO TEACHER (TEACHER_ID, FIRST_NAME, LAST_NAME, DEPARTMENT)
VALUES ("T0030", "ANAWAT", "SUNGPET", "CHEMICAL ENGINEERING");
INSERT INTO TEACHER (TEACHER_ID, FIRST_NAME, LAST_NAME, DEPARTMENT)
VALUES ("T0031", "WITTAYA", "TEPPAITOON", "CHEMICAL ENGINEERING");
INSERT INTO TEACHER (TEACHER_ID, FIRST_NAME, LAST_NAME, DEPARTMENT)
VALUES ("T0032", "PIYABUTR", "WANICHPONGPAN", "CHEMICAL ENGINEERING");
INSERT INTO TEACHER (TEACHER_ID, FIRST_NAME, LAST_NAME, DEPARTMENT)
VALUES ("T0033", "SOMKIAT", "PRACHAYAWARAKORN", "CHEMICAL ENGINEERING");
INSERT INTO TEACHER (TEACHER_ID, FIRST_NAME, LAST_NAME, DEPARTMENT)
VALUES ("T0034", "SOMNUK", "JARUDILOKKUL", "CHEMICAL ENGINEERING");
INSERT INTO TEACHER (TEACHER_ID, FIRST_NAME, LAST_NAME, DEPARTMENT)
VALUES ("T0035", "BUNYAPHAT", "SUPHANIT", "CHEMICAL ENGINEERING");
INSERT INTO TEACHER (TEACHER_ID, FIRST_NAME, LAST_NAME, DEPARTMENT)
VALUES ("T0036", "AMPAI", "CHANACHAI", "CHEMICAL ENGINEERING");
INSERT INTO TEACHER (TEACHER_ID, FIRST_NAME, LAST_NAME, DEPARTMENT)
VALUES ("T0037", "WIMOLSIRI", "PRIDASAWAS", "CHEMICAL ENGINEERING");
INSERT INTO TEACHER (TEACHER_ID, FIRST_NAME, LAST_NAME, DEPARTMENT)
VALUES ("T0038", "PARITTA", "PRAYOONYONG", "CHEMICAL ENGINEERING");
INSERT INTO TEACHER (TEACHER_ID, FIRST_NAME, LAST_NAME, DEPARTMENT)
VALUES ("T0039", "PAWIN", "CHAIVATAMASET", "CHEMICAL ENGINEERING");
INSERT INTO TEACHER (TEACHER_ID, FIRST_NAME, LAST_NAME, DEPARTMENT)
VALUES ("T0040", "SHEWIN", "ATTASART", "CHEMICAL ENGINEERING");
INSERT INTO TEACHER (TEACHER_ID, FIRST_NAME, LAST_NAME, DEPARTMENT)
VALUES ("T0041", "KANTHARAKORN", "MACHAROEN", "CHEMICAL ENGINEERING");
INSERT INTO TEACHER (TEACHER_ID, FIRST_NAME, LAST_NAME, DEPARTMENT)
VALUES ("T0042", "SOMKIAT", "RUNGTHONGBAISUREE", "CIVIL ENGINEERING");
INSERT INTO TEACHER (TEACHER_ID, FIRST_NAME, LAST_NAME, DEPARTMENT)
VALUES ("T0043", "SOMCHAI", "CHUCHEEPSAKUL", "CIVIL ENGINEERING");
INSERT INTO TEACHER (TEACHER_ID, FIRST_NAME, LAST_NAME, DEPARTMENT)
VALUES ("T0044", "JULAPOT", "CHIRAVACHRADEJ", "CIVIL ENGINEERING");
INSERT INTO TEACHER (TEACHER_ID, FIRST_NAME, LAST_NAME, DEPARTMENT)
VALUES ("T0045", "APHINAT", "ASHAKUL", "CIVIL ENGINEERING");
INSERT INTO TEACHER (TEACHER_ID, FIRST_NAME, LAST_NAME, DEPARTMENT)
VALUES ("T0046", "CHAI", "JATURAPITAKKUL", "CIVIL ENGINEERING");
INSERT INTO TEACHER (TEACHER_ID, FIRST_NAME, LAST_NAME, DEPARTMENT)
VALUES ("T0047", "TAWICH", "PULNGERN", "CIVIL ENGINEERING");
INSERT INTO TEACHER (TEACHER_ID, FIRST_NAME, LAST_NAME, DEPARTMENT)
VALUES ("T0048", "AIKACHAI", "PATTARAWONGPIBOON", "CIVIL ENGINEERING");
INSERT INTO TEACHER (TEACHER_ID, FIRST_NAME, LAST_NAME, DEPARTMENT)
VALUES ("T0049", "SUTAT", "LEELATAVIWAT", "CIVIL ENGINEERING");
INSERT INTO TEACHER (TEACHER_ID, FIRST_NAME, LAST_NAME, DEPARTMENT)
VALUES ("T0050", "CHAINARONG", "ATHISAKUL", "CIVIL ENGINEERING");
INSERT INTO TEACHER (TEACHER_ID, FIRST_NAME, LAST_NAME, DEPARTMENT)
VALUES ("T0051", "WEERACHART", "TANGCHIRAPAT", "CIVIL ENGINEERING");
INSERT INTO TEACHER (TEACHER_ID, FIRST_NAME, LAST_NAME, DEPARTMENT)
VALUES ("T0052", "BOONME", "CHINNABOON", "CIVIL ENGINEERING");
INSERT INTO TEACHER (TEACHER_ID, FIRST_NAME, LAST_NAME, DEPARTMENT)
VALUES ("T0053", "RAKTIPONG", "SAHAMITMONGKOL", "CIVIL ENGINEERING");
INSERT INTO TEACHER (TEACHER_ID, FIRST_NAME, LAST_NAME, DEPARTMENT)
VALUES ("T0054", "EKKACHAI", "YOOPRASERTCHAI", "CIVIL ENGINEERING");
INSERT INTO TEACHER (TEACHER_ID, FIRST_NAME, LAST_NAME, DEPARTMENT)
VALUES ("T0055", "SANTITHAM", "PROM-ON", "COMPUTER ENGINEERING");
INSERT INTO TEACHER (TEACHER_ID, FIRST_NAME, LAST_NAME, DEPARTMENT)
VALUES ("T0056", "PHOND", "PHUNCHONGHARN", "COMPUTER ENGINEERING");
INSERT INTO TEACHER (TEACHER_ID, FIRST_NAME, LAST_NAME, DEPARTMENT)
VALUES ("T0057", "KAHJONPONG", "AKKARAJITSAKUL", "COMPUTER ENGINEERING");
INSERT INTO TEACHER (TEACHER_ID, FIRST_NAME, LAST_NAME, DEPARTMENT)
VALUES ("T0058", "JATURON", "HARNSOMBURANA", "COMPUTER ENGINEERING");
INSERT INTO TEACHER (TEACHER_ID, FIRST_NAME, LAST_NAME, DEPARTMENT)
VALUES ("T0059", "TITINAN", "METHONG", "PRODUCTION ENGINEERING");
INSERT INTO TEACHER (TEACHER_ID, FIRST_NAME, LAST_NAME, DEPARTMENT)
VALUES ("T0060", "MONGKHON", "SEENAWAT", "PRODUCTION ENGINEERING");
INSERT INTO TEACHER (TEACHER_ID, FIRST_NAME, LAST_NAME, DEPARTMENT)
VALUES ("T0061", "CHAIYA", "DUMKUM", "PRODUCTION ENGINEERING");
INSERT INTO TEACHER (TEACHER_ID, FIRST_NAME, LAST_NAME, DEPARTMENT)
VALUES ("T0100", "MICHELLE", "ANDRINO GARCIA", "LANGUAGE STUDIES");
INSERT INTO TEACHER (TEACHER_ID, FIRST_NAME, LAST_NAME, DEPARTMENT)
VALUES ("T0101", "RONNAKRIT", "RANGSARITTIKUN", "LANGUAGE STUDIES");
INSERT INTO TEACHER (TEACHER_ID, FIRST_NAME, LAST_NAME, DEPARTMENT)
VALUES ("T0102", "WANNAPA", "TRAKULKASEMSUK", "LANGUAGE STUDIES");
INSERT INTO TEACHER (TEACHER_ID, FIRST_NAME, LAST_NAME, DEPARTMENT)
VALUES ("T0103", "SELIM", "HASSAN", "LANGUAGE STUDIES");
INSERT INTO TEACHER (TEACHER_ID, FIRST_NAME, LAST_NAME, DEPARTMENT)
VALUES ("T0104", "RACHANEE", "DERSINGH", "LANGUAGE STUDIES");
INSERT INTO TEACHER (TEACHER_ID, FIRST_NAME, LAST_NAME, DEPARTMENT)
VALUES ("T0105", "SAOWALUCK", "TEPSURIWONG", "LANGUAGE STUDIES");
INSERT INTO TEACHER (TEACHER_ID, FIRST_NAME, LAST_NAME, DEPARTMENT)
VALUES ("T0106", "ANTHONY", "ROBERT FRENCH", "LANGUAGE STUDIES");
INSERT INTO TEACHER (TEACHER_ID, FIRST_NAME, LAST_NAME, DEPARTMENT)
VALUES ("T0107", "THANIS", "BUNSOM", "LANGUAGE STUDIES");
INSERT INTO TEACHER (TEACHER_ID, FIRST_NAME, LAST_NAME, DEPARTMENT)
VALUES ("T0108", "CHANIPA", "WIRODCHARUSKUL", "LANGUAGE STUDIES");
INSERT INTO TEACHER (TEACHER_ID, FIRST_NAME, LAST_NAME, DEPARTMENT)
VALUES ("T0500", "SUPAKSRI", "WESWIBUL", "GENERAL EDUCATION");
INSERT INTO TEACHER (TEACHER_ID, FIRST_NAME, LAST_NAME, DEPARTMENT)
VALUES ("T0501", "ANAWIN", "WONGSARINGKARN", "GENERAL EDUCATION");
INSERT INTO TEACHER (TEACHER_ID, FIRST_NAME, LAST_NAME, DEPARTMENT)
VALUES ("T0502", "RAWAT", "YOOSUK", "GENERAL EDUCATION");
INSERT INTO TEACHER (TEACHER_ID, FIRST_NAME, LAST_NAME, DEPARTMENT)
VALUES ("T0503", "SUTTHIDA", "UMJAENG", "GENERAL EDUCATION");
INSERT INTO TEACHER (TEACHER_ID, FIRST_NAME, LAST_NAME, DEPARTMENT)
VALUES ("T0504", "BOONNAK", "SUKHUMMEK", "GENERAL EDUCATION");
INSERT INTO TEACHER (TEACHER_ID, FIRST_NAME, LAST_NAME, DEPARTMENT)
VALUES ("T0505", "KITTIPORN", "SAJJAYANUKOON", "GENERAL EDUCATION");
INSERT INTO TEACHER (TEACHER_ID, FIRST_NAME, LAST_NAME, DEPARTMENT)
VALUES ("T0506", "SUPATTRA", "HOMKANJAN", "GENERAL EDUCATION");
INSERT INTO TEACHER (TEACHER_ID, FIRST_NAME, LAST_NAME, DEPARTMENT)
VALUES ("T0507", "SAOVALUX", "DULLYAPERADIS", "GENERAL EDUCATION");
INSERT INTO TEACHER (TEACHER_ID, FIRST_NAME, LAST_NAME, DEPARTMENT)
VALUES ("T0508", "TASSANEEWAN", "LAKSANASOPIN", "GENERAL EDUCATION");
INSERT INTO TEACHER (TEACHER_ID, FIRST_NAME, LAST_NAME, DEPARTMENT)
VALUES ("T0600", "WITTAYA", "PATTAMARANGKUL", "GENERAL EDUCATION");
INSERT INTO TEACHER (TEACHER_ID, FIRST_NAME, LAST_NAME, DEPARTMENT)
VALUES ("T1000", "ANUWAT", "TANGTHANAWATSAKUL", "MATHEMATICS");
INSERT INTO TEACHER (TEACHER_ID, FIRST_NAME, LAST_NAME, DEPARTMENT)
VALUES ("T1001", "SONGPON", "SRIWONGSA", "MATHEMATICS");
INSERT INTO TEACHER (TEACHER_ID, FIRST_NAME, LAST_NAME, DEPARTMENT)
VALUES ("T1002", "SAEID", "ZAHMATKESH KOMELEH", "MATHEMATICS");
INSERT INTO TEACHER (TEACHER_ID, FIRST_NAME, LAST_NAME, DEPARTMENT)
VALUES ("T1003", "NATAWAT", "KLAMSAKUL", "MATHEMATICS");
INSERT INTO TEACHER (TEACHER_ID, FIRST_NAME, LAST_NAME, DEPARTMENT)
VALUES ("T1004", "NUTTANON", "SONGSUWAN", "MATHEMATICS");
INSERT INTO TEACHER (TEACHER_ID, FIRST_NAME, LAST_NAME, DEPARTMENT)
VALUES ("T1005", "NATHAKHUN", "WIROONSRI", "MATHEMATICS");
INSERT INTO TEACHER (TEACHER_ID, FIRST_NAME, LAST_NAME, DEPARTMENT)
VALUES ("T1100", "TANAPAT", "DEESUWAN", "PHYSICS");
INSERT INTO TEACHER (TEACHER_ID, FIRST_NAME, LAST_NAME, DEPARTMENT)
VALUES ("T1101", "STANISLAS", "GRARE", "PHYSICS");
INSERT INTO TEACHER (TEACHER_ID, FIRST_NAME, LAST_NAME, DEPARTMENT)
VALUES ("T1102", "THANA", "SUTTHIBUTPONG", "PHYSICS");
INSERT INTO TEACHER (TEACHER_ID, FIRST_NAME, LAST_NAME, DEPARTMENT)
VALUES ("T1200", "KITTICHAI", "CHAISEEDA", "CHEMISTRY");
INSERT INTO TEACHER (TEACHER_ID, FIRST_NAME, LAST_NAME, DEPARTMENT)
VALUES ("T1201", "KORNKANYA", "PRATUMYOT", "CHEMISTRY");
INSERT INTO TEACHER (TEACHER_ID, FIRST_NAME, LAST_NAME, DEPARTMENT)
VALUES ("T1202", "CHOLADDA", "SRISUWANNAKET", "CHEMISTRY");
INSERT INTO TEACHER (TEACHER_ID, FIRST_NAME, LAST_NAME, DEPARTMENT)
VALUES ("T1203", "JIRAYUT", "EUANORASETR", "MICROBIOLOGY");


/* INSERT DATA IN SECTION_TEACHER */
INSERT INTO SECTION_TEACHER (TEACHER_ID, SECTION_CODE)
VALUES ("T0001", "CPE100_31");
INSERT INTO SECTION_TEACHER (TEACHER_ID, SECTION_CODE)
VALUES ("T0001", "CPE100_32");
INSERT INTO SECTION_TEACHER (TEACHER_ID, SECTION_CODE)
VALUES ("T0002", "CPE101_31");
INSERT INTO SECTION_TEACHER (TEACHER_ID, SECTION_CODE)
VALUES ("T0002", "CPE101_32");
INSERT INTO SECTION_TEACHER (TEACHER_ID, SECTION_CODE)
VALUES ("T0003", "CPE121_31");
INSERT INTO SECTION_TEACHER (TEACHER_ID, SECTION_CODE)
VALUES ("T0003", "CPE121_32");
INSERT INTO SECTION_TEACHER (TEACHER_ID, SECTION_CODE)
VALUES ("T0100", "LNG221_1");
INSERT INTO SECTION_TEACHER (TEACHER_ID, SECTION_CODE)
VALUES ("T0101", "LNG221_2");
INSERT INTO SECTION_TEACHER (TEACHER_ID, SECTION_CODE)
VALUES ("T0102", "LNG221_3");
INSERT INTO SECTION_TEACHER (TEACHER_ID, SECTION_CODE)
VALUES ("T1000", "MTH101_31");
INSERT INTO SECTION_TEACHER (TEACHER_ID, SECTION_CODE)
VALUES ("T1001", "MTH101_32");
INSERT INTO SECTION_TEACHER (TEACHER_ID, SECTION_CODE)
VALUES ("T1100", "PHY103_35");
INSERT INTO SECTION_TEACHER (TEACHER_ID, SECTION_CODE)
VALUES ("T1100", "PHY103_36");
INSERT INTO SECTION_TEACHER (TEACHER_ID, SECTION_CODE)
VALUES ("T0001", "CPE111_31");
INSERT INTO SECTION_TEACHER (TEACHER_ID, SECTION_CODE)
VALUES ("T0001", "CPE111_32");
INSERT INTO SECTION_TEACHER (TEACHER_ID, SECTION_CODE)
VALUES ("T0004", "CPE122_31");
INSERT INTO SECTION_TEACHER (TEACHER_ID, SECTION_CODE)
VALUES ("T0004", "CPE122_32");
INSERT INTO SECTION_TEACHER (TEACHER_ID, SECTION_CODE)
VALUES ("T0500", "GEN121_50");
INSERT INTO SECTION_TEACHER (TEACHER_ID, SECTION_CODE)
VALUES ("T0501", "GEN121_51");
INSERT INTO SECTION_TEACHER (TEACHER_ID, SECTION_CODE)
VALUES ("T0100", "LNG222_3");
INSERT INTO SECTION_TEACHER (TEACHER_ID, SECTION_CODE)
VALUES ("T0103", "LNG222_4");
INSERT INTO SECTION_TEACHER (TEACHER_ID, SECTION_CODE)
VALUES ("T1000", "MTH102_34");
INSERT INTO SECTION_TEACHER (TEACHER_ID, SECTION_CODE)
VALUES ("T1002", "MTH102_35");
INSERT INTO SECTION_TEACHER (TEACHER_ID, SECTION_CODE)
VALUES ("T1101", "PHY104_34");
INSERT INTO SECTION_TEACHER (TEACHER_ID, SECTION_CODE)
VALUES ("T1101", "PHY104_35");
INSERT INTO SECTION_TEACHER (TEACHER_ID, SECTION_CODE)
VALUES ("T0005", "CPE212_31");
INSERT INTO SECTION_TEACHER (TEACHER_ID, SECTION_CODE)
VALUES ("T0005", "CPE212_32");
INSERT INTO SECTION_TEACHER (TEACHER_ID, SECTION_CODE)
VALUES ("T0006", "CPE223_31");
INSERT INTO SECTION_TEACHER (TEACHER_ID, SECTION_CODE)
VALUES ("T0006", "CPE223_32");
INSERT INTO SECTION_TEACHER (TEACHER_ID, SECTION_CODE)
VALUES ("T0103", "LNG321_1");
INSERT INTO SECTION_TEACHER (TEACHER_ID, SECTION_CODE)
VALUES ("T0104", "LNG321_2");
INSERT INTO SECTION_TEACHER (TEACHER_ID, SECTION_CODE)
VALUES ("T1003", "MTH201_30");
INSERT INTO SECTION_TEACHER (TEACHER_ID, SECTION_CODE)
VALUES ("T1004", "MTH201_31");
INSERT INTO SECTION_TEACHER (TEACHER_ID, SECTION_CODE)
VALUES ("T0600", "GEN101_68");
INSERT INTO SECTION_TEACHER (TEACHER_ID, SECTION_CODE)
VALUES ("T0600", "GEN101_69");
INSERT INTO SECTION_TEACHER (TEACHER_ID, SECTION_CODE)
VALUES ("T0502", "GEN231_33");
INSERT INTO SECTION_TEACHER (TEACHER_ID, SECTION_CODE)
VALUES ("T0503", "GEN231_34");
INSERT INTO SECTION_TEACHER (TEACHER_ID, SECTION_CODE)
VALUES ("T0504", "GEN231_35");
INSERT INTO SECTION_TEACHER (TEACHER_ID, SECTION_CODE)
VALUES ("T1200", "CHM103_31");
INSERT INTO SECTION_TEACHER (TEACHER_ID, SECTION_CODE)
VALUES ("T1201", "CHM103_32");
INSERT INTO SECTION_TEACHER (TEACHER_ID, SECTION_CODE)
VALUES ("T1203", "MIC101_31");
INSERT INTO SECTION_TEACHER (TEACHER_ID, SECTION_CODE)
VALUES ("T0055", "CPE213_31");
INSERT INTO SECTION_TEACHER (TEACHER_ID, SECTION_CODE)
VALUES ("T0056", "CPE231_31");
INSERT INTO SECTION_TEACHER (TEACHER_ID, SECTION_CODE)
VALUES ("T0057", "CPE231_32");
INSERT INTO SECTION_TEACHER (TEACHER_ID, SECTION_CODE)
VALUES ("T0058", "CPE224_31");
INSERT INTO SECTION_TEACHER (TEACHER_ID, SECTION_CODE)
VALUES ("T0058", "CPE224_32");
INSERT INTO SECTION_TEACHER (TEACHER_ID, SECTION_CODE)
VALUES ("T1005", "STA302_31");
INSERT INTO SECTION_TEACHER (TEACHER_ID, SECTION_CODE)
VALUES ("T0504", "GEN111_34");
INSERT INTO SECTION_TEACHER (TEACHER_ID, SECTION_CODE)
VALUES ("T0507", "GEN111_35");
INSERT INTO SECTION_TEACHER (TEACHER_ID, SECTION_CODE)
VALUES ("T0007", "CPE325_31");
INSERT INTO SECTION_TEACHER (TEACHER_ID, SECTION_CODE)
VALUES ("T0007", "CPE325_32");
INSERT INTO SECTION_TEACHER (TEACHER_ID, SECTION_CODE)
VALUES ("T0008", "CPE326_31");
INSERT INTO SECTION_TEACHER (TEACHER_ID, SECTION_CODE)
VALUES ("T0008", "CPE326_32");
INSERT INTO SECTION_TEACHER (TEACHER_ID, SECTION_CODE)
VALUES ("T0009", "CPE327_31");
INSERT INTO SECTION_TEACHER (TEACHER_ID, SECTION_CODE)
VALUES ("T0009", "CPE327_32");
INSERT INTO SECTION_TEACHER (TEACHER_ID, SECTION_CODE)
VALUES ("T0057", "CPE332_31");
INSERT INTO SECTION_TEACHER (TEACHER_ID, SECTION_CODE)
VALUES ("T0057", "CPE332_32");
INSERT INTO SECTION_TEACHER (TEACHER_ID, SECTION_CODE)
VALUES ("T0505", "GEN241_35");
INSERT INTO SECTION_TEACHER (TEACHER_ID, SECTION_CODE)
VALUES ("T0506", "GEN241_36");
INSERT INTO SECTION_TEACHER (TEACHER_ID, SECTION_CODE)
VALUES ("T0059", "PRE380_31");
INSERT INTO SECTION_TEACHER (TEACHER_ID, SECTION_CODE)
VALUES ("T0010", "CPE314_31");
INSERT INTO SECTION_TEACHER (TEACHER_ID, SECTION_CODE)
VALUES ("T0010", "CPE314_32");
INSERT INTO SECTION_TEACHER (TEACHER_ID, SECTION_CODE)
VALUES ("T0011", "CPE329_31");
INSERT INTO SECTION_TEACHER (TEACHER_ID, SECTION_CODE)
VALUES ("T0011", "CPE329_32");
INSERT INTO SECTION_TEACHER (TEACHER_ID, SECTION_CODE)
VALUES ("T0504", "GEN351_31");
INSERT INTO SECTION_TEACHER (TEACHER_ID, SECTION_CODE)
VALUES ("T0502", "GEN351_32");
INSERT INTO SECTION_TEACHER (TEACHER_ID, SECTION_CODE)
VALUES ("T0012", "CPE401_31");
INSERT INTO SECTION_TEACHER (TEACHER_ID, SECTION_CODE)
VALUES ("T0012", "CPE401_32");
INSERT INTO SECTION_TEACHER (TEACHER_ID, SECTION_CODE)
VALUES ("T0013", "CPE405_31");
INSERT INTO SECTION_TEACHER (TEACHER_ID, SECTION_CODE)
VALUES ("T0013", "CPE405_32");
INSERT INTO SECTION_TEACHER (TEACHER_ID, SECTION_CODE)
VALUES ("T0014", "CPE403_31");
INSERT INTO SECTION_TEACHER (TEACHER_ID, SECTION_CODE)
VALUES ("T0014", "CPE403_32");
INSERT INTO SECTION_TEACHER (TEACHER_ID, SECTION_CODE)
VALUES ("T0015", "CPE402_31");
INSERT INTO SECTION_TEACHER (TEACHER_ID, SECTION_CODE)
VALUES ("T0015", "CPE402_32");
INSERT INTO SECTION_TEACHER (TEACHER_ID, SECTION_CODE)
VALUES ("T0016", "CPE406_31");
INSERT INTO SECTION_TEACHER (TEACHER_ID, SECTION_CODE)
VALUES ("T0016", "CPE406_32");
INSERT INTO SECTION_TEACHER (TEACHER_ID, SECTION_CODE)
VALUES ("T0017", "CPE404_31");
INSERT INTO SECTION_TEACHER (TEACHER_ID, SECTION_CODE)
VALUES ("T0017", "CPE404_32");
INSERT INTO SECTION_TEACHER (TEACHER_ID, SECTION_CODE)
VALUES ("T0021", "CHE103_31");
INSERT INTO SECTION_TEACHER (TEACHER_ID, SECTION_CODE)
VALUES ("T0021", "CHE103_32");
INSERT INTO SECTION_TEACHER (TEACHER_ID, SECTION_CODE)
VALUES ("T1203", "CHM160_31");
INSERT INTO SECTION_TEACHER (TEACHER_ID, SECTION_CODE)
VALUES ("T1203", "CHM160_32");
INSERT INTO SECTION_TEACHER (TEACHER_ID, SECTION_CODE)
VALUES ("T1102", "PHY191_35");
INSERT INTO SECTION_TEACHER (TEACHER_ID, SECTION_CODE)
VALUES ("T1102", "PHY191_36");
INSERT INTO SECTION_TEACHER (TEACHER_ID, SECTION_CODE)
VALUES ("T0021", "CHE210_31");
INSERT INTO SECTION_TEACHER (TEACHER_ID, SECTION_CODE)
VALUES ("T0021", "CHE210_32");
INSERT INTO SECTION_TEACHER (TEACHER_ID, SECTION_CODE)
VALUES ("T0022", "CHE241_31");
INSERT INTO SECTION_TEACHER (TEACHER_ID, SECTION_CODE)
VALUES ("T0022", "CHE241_32");
INSERT INTO SECTION_TEACHER (TEACHER_ID, SECTION_CODE)
VALUES ("T0023", "MEE111_1");
INSERT INTO SECTION_TEACHER (TEACHER_ID, SECTION_CODE)
VALUES ("T1102", "PHY192_35");
INSERT INTO SECTION_TEACHER (TEACHER_ID, SECTION_CODE)
VALUES ("T1102", "PHY192_36");
INSERT INTO SECTION_TEACHER (TEACHER_ID, SECTION_CODE)
VALUES ("T0024", "CHE212_31");
INSERT INTO SECTION_TEACHER (TEACHER_ID, SECTION_CODE)
VALUES ("T0024", "CHE212_32");
INSERT INTO SECTION_TEACHER (TEACHER_ID, SECTION_CODE)
VALUES ("T0025", "CHE214_31");
INSERT INTO SECTION_TEACHER (TEACHER_ID, SECTION_CODE)
VALUES ("T0025", "CHE214_32");
INSERT INTO SECTION_TEACHER (TEACHER_ID, SECTION_CODE)
VALUES ("T0026", "CHE232_31");
INSERT INTO SECTION_TEACHER (TEACHER_ID, SECTION_CODE)
VALUES ("T0026", "CHE232_32");
INSERT INTO SECTION_TEACHER (TEACHER_ID, SECTION_CODE)
VALUES ("T0027", "CHE242_31");
INSERT INTO SECTION_TEACHER (TEACHER_ID, SECTION_CODE)
VALUES ("T0027", "CHE242_32");
INSERT INTO SECTION_TEACHER (TEACHER_ID, SECTION_CODE)
VALUES ("T0028", "CHE333_31");
INSERT INTO SECTION_TEACHER (TEACHER_ID, SECTION_CODE)
VALUES ("T0028", "CHE333_32");
INSERT INTO SECTION_TEACHER (TEACHER_ID, SECTION_CODE)
VALUES ("T0029", "CHE334_31");
INSERT INTO SECTION_TEACHER (TEACHER_ID, SECTION_CODE)
VALUES ("T0029", "CHE334_32");
INSERT INTO SECTION_TEACHER (TEACHER_ID, SECTION_CODE)
VALUES ("T0030", "MEE214_1");
INSERT INTO SECTION_TEACHER (TEACHER_ID, SECTION_CODE)
VALUES ("T0060", "PRE372_31");
INSERT INTO SECTION_TEACHER (TEACHER_ID, SECTION_CODE)
VALUES ("T0031", "CHE335_31");
INSERT INTO SECTION_TEACHER (TEACHER_ID, SECTION_CODE)
VALUES ("T0031", "CHE335_32");
INSERT INTO SECTION_TEACHER (TEACHER_ID, SECTION_CODE)
VALUES ("T0032", "CHE343_31");
INSERT INTO SECTION_TEACHER (TEACHER_ID, SECTION_CODE)
VALUES ("T0031", "CHE343_32");
INSERT INTO SECTION_TEACHER (TEACHER_ID, SECTION_CODE)
VALUES ("T0031", "CHE471_31");
INSERT INTO SECTION_TEACHER (TEACHER_ID, SECTION_CODE)
VALUES ("T0031", "CHE471_32");
INSERT INTO SECTION_TEACHER (TEACHER_ID, SECTION_CODE)
VALUES ("T0032", "CHE481_31");
INSERT INTO SECTION_TEACHER (TEACHER_ID, SECTION_CODE)
VALUES ("T0032", "CHE481_32");
INSERT INTO SECTION_TEACHER (TEACHER_ID, SECTION_CODE)
VALUES ("T1004", "MTH303_31");
INSERT INTO SECTION_TEACHER (TEACHER_ID, SECTION_CODE)
VALUES ("T0033", "CHE451_31");
INSERT INTO SECTION_TEACHER (TEACHER_ID, SECTION_CODE)
VALUES ("T0033", "CHE451_32");
INSERT INTO SECTION_TEACHER (TEACHER_ID, SECTION_CODE)
VALUES ("T0034", "CHE461_31");
INSERT INTO SECTION_TEACHER (TEACHER_ID, SECTION_CODE)
VALUES ("T0034", "CHE461_32");
INSERT INTO SECTION_TEACHER (TEACHER_ID, SECTION_CODE)
VALUES ("T0035", "CHE462_31");
INSERT INTO SECTION_TEACHER (TEACHER_ID, SECTION_CODE)
VALUES ("T0035", "CHE462_32");
INSERT INTO SECTION_TEACHER (TEACHER_ID, SECTION_CODE)
VALUES ("T0036", "CHE482_31");
INSERT INTO SECTION_TEACHER (TEACHER_ID, SECTION_CODE)
VALUES ("T0036", "CHE482_32");
INSERT INTO SECTION_TEACHER (TEACHER_ID, SECTION_CODE)
VALUES ("T0037", "CHE452_31");
INSERT INTO SECTION_TEACHER (TEACHER_ID, SECTION_CODE)
VALUES ("T0037", "CHE452_32");
INSERT INTO SECTION_TEACHER (TEACHER_ID, SECTION_CODE)
VALUES ("T0038", "CHE472_31");
INSERT INTO SECTION_TEACHER (TEACHER_ID, SECTION_CODE)
VALUES ("T0038", "CHE472_32");
INSERT INTO SECTION_TEACHER (TEACHER_ID, SECTION_CODE)
VALUES ("T0039", "CHE483_31");
INSERT INTO SECTION_TEACHER (TEACHER_ID, SECTION_CODE)
VALUES ("T0039", "CHE483_32");
INSERT INTO SECTION_TEACHER (TEACHER_ID, SECTION_CODE)
VALUES ("T0040", "CHE484_31");
INSERT INTO SECTION_TEACHER (TEACHER_ID, SECTION_CODE)
VALUES ("T0040", "CHE484_32");
INSERT INTO SECTION_TEACHER (TEACHER_ID, SECTION_CODE)
VALUES ("T0041", "CHE454_31");
INSERT INTO SECTION_TEACHER (TEACHER_ID, SECTION_CODE)
VALUES ("T0041", "CHE454_32");
INSERT INTO SECTION_TEACHER (TEACHER_ID, SECTION_CODE)
VALUES ("T0040", "CHE485_31");
INSERT INTO SECTION_TEACHER (TEACHER_ID, SECTION_CODE)
VALUES ("T0040", "CHE485_32");
INSERT INTO SECTION_TEACHER (TEACHER_ID, SECTION_CODE)
VALUES ("T0061", "PRE290_31");
INSERT INTO SECTION_TEACHER (TEACHER_ID, SECTION_CODE)
VALUES ("T0042", "CVE101_31");
INSERT INTO SECTION_TEACHER (TEACHER_ID, SECTION_CODE)
VALUES ("T0042", "CVE101_32");
INSERT INTO SECTION_TEACHER (TEACHER_ID, SECTION_CODE)
VALUES ("T0106", "LNG105_1");
INSERT INTO SECTION_TEACHER (TEACHER_ID, SECTION_CODE)
VALUES ("T0107", "LNG105_2");
INSERT INTO SECTION_TEACHER (TEACHER_ID, SECTION_CODE)
VALUES ("T0108", "LNG105_3");
INSERT INTO SECTION_TEACHER (TEACHER_ID, SECTION_CODE)
VALUES ("T0043", "CVE101_31");
INSERT INTO SECTION_TEACHER (TEACHER_ID, SECTION_CODE)
VALUES ("T0043", "CVE101_32");
INSERT INTO SECTION_TEACHER (TEACHER_ID, SECTION_CODE)
VALUES ("T0044", "MEN111_31");
INSERT INTO SECTION_TEACHER (TEACHER_ID, SECTION_CODE)
VALUES ("T0044", "MEN111_32");
INSERT INTO SECTION_TEACHER (TEACHER_ID, SECTION_CODE)
VALUES ("T0044", "CVE100_31");
INSERT INTO SECTION_TEACHER (TEACHER_ID, SECTION_CODE)
VALUES ("T0044", "CVE100_32");
INSERT INTO SECTION_TEACHER (TEACHER_ID, SECTION_CODE)
VALUES ("T0044", "CVE111_31");
INSERT INTO SECTION_TEACHER (TEACHER_ID, SECTION_CODE)
VALUES ("T0044", "CVE111_32");
INSERT INTO SECTION_TEACHER (TEACHER_ID, SECTION_CODE)
VALUES ("T0100", "LNG106_5");
INSERT INTO SECTION_TEACHER (TEACHER_ID, SECTION_CODE)
VALUES ("T0102", "LNG106_6");
INSERT INTO SECTION_TEACHER (TEACHER_ID, SECTION_CODE)
VALUES ("T0103", "LNG106_7");
INSERT INTO SECTION_TEACHER (TEACHER_ID, SECTION_CODE)
VALUES ("T0045", "CVE231_31");
INSERT INTO SECTION_TEACHER (TEACHER_ID, SECTION_CODE)
VALUES ("T0045", "CVE231_32");
INSERT INTO SECTION_TEACHER (TEACHER_ID, SECTION_CODE)
VALUES ("T0046", "CVE221_31");
INSERT INTO SECTION_TEACHER (TEACHER_ID, SECTION_CODE)
VALUES ("T0046", "CVE221_32");
INSERT INTO SECTION_TEACHER (TEACHER_ID, SECTION_CODE)
VALUES ("T0047", "CVE223_31");
INSERT INTO SECTION_TEACHER (TEACHER_ID, SECTION_CODE)
VALUES ("T0047", "CVE223_32");
INSERT INTO SECTION_TEACHER (TEACHER_ID, SECTION_CODE)
VALUES ("T0048", "CVE236_31");
INSERT INTO SECTION_TEACHER (TEACHER_ID, SECTION_CODE)
VALUES ("T0048", "CVE236_32");
INSERT INTO SECTION_TEACHER (TEACHER_ID, SECTION_CODE)
VALUES ("T0101", "LNG107_3");
INSERT INTO SECTION_TEACHER (TEACHER_ID, SECTION_CODE)
VALUES ("T0106", "LNG107_4");
INSERT INTO SECTION_TEACHER (TEACHER_ID, SECTION_CODE)
VALUES ("T0107", "LNG107_5");
INSERT INTO SECTION_TEACHER (TEACHER_ID, SECTION_CODE)
VALUES ("T0049", "CVE200_31");
INSERT INTO SECTION_TEACHER (TEACHER_ID, SECTION_CODE)
VALUES ("T0049", "CVE200_32");
INSERT INTO SECTION_TEACHER (TEACHER_ID, SECTION_CODE)
VALUES ("T0050", "CVE233_31");
INSERT INTO SECTION_TEACHER (TEACHER_ID, SECTION_CODE)
VALUES ("T0050", "CVE233_32");
INSERT INTO SECTION_TEACHER (TEACHER_ID, SECTION_CODE)
VALUES ("T0051", "CVE240_31");
INSERT INTO SECTION_TEACHER (TEACHER_ID, SECTION_CODE)
VALUES ("T0051", "CVE240_32");
INSERT INTO SECTION_TEACHER (TEACHER_ID, SECTION_CODE)
VALUES ("T0052", "CVE261_31");
INSERT INTO SECTION_TEACHER (TEACHER_ID, SECTION_CODE)
VALUES ("T0052", "CVE261_32");
INSERT INTO SECTION_TEACHER (TEACHER_ID, SECTION_CODE)
VALUES ("T0053", "CVE281_31");
INSERT INTO SECTION_TEACHER (TEACHER_ID, SECTION_CODE)
VALUES ("T0053", "CVE281_32");
INSERT INTO SECTION_TEACHER (TEACHER_ID, SECTION_CODE)
VALUES ("T0054", "CVE335_31");
INSERT INTO SECTION_TEACHER (TEACHER_ID, SECTION_CODE)
VALUES ("T0054", "CVE335_32");
INSERT INTO SECTION_TEACHER (TEACHER_ID, SECTION_CODE)
VALUES ("T0042", "CVE337_31");
INSERT INTO SECTION_TEACHER (TEACHER_ID, SECTION_CODE)
VALUES ("T0042", "CVE337_32");
INSERT INTO SECTION_TEACHER (TEACHER_ID, SECTION_CODE)
VALUES ("T0043", "CVE362_31");
INSERT INTO SECTION_TEACHER (TEACHER_ID, SECTION_CODE)
VALUES ("T0043", "CVE362_32");
INSERT INTO SECTION_TEACHER (TEACHER_ID, SECTION_CODE)
VALUES ("T0044", "CVE363_31");
INSERT INTO SECTION_TEACHER (TEACHER_ID, SECTION_CODE)
VALUES ("T0044", "CVE363_32");
INSERT INTO SECTION_TEACHER (TEACHER_ID, SECTION_CODE)
VALUES ("T0045", "CVE382_31");
INSERT INTO SECTION_TEACHER (TEACHER_ID, SECTION_CODE)
VALUES ("T0045", "CVE382_32");
INSERT INTO SECTION_TEACHER (TEACHER_ID, SECTION_CODE)
VALUES ("T0046", "CVE386_31");
INSERT INTO SECTION_TEACHER (TEACHER_ID, SECTION_CODE)
VALUES ("T0046", "CVE386_32");
INSERT INTO SECTION_TEACHER (TEACHER_ID, SECTION_CODE)
VALUES ("T0047", "CVE394_31");
INSERT INTO SECTION_TEACHER (TEACHER_ID, SECTION_CODE)
VALUES ("T0047", "CVE394_32");
INSERT INTO SECTION_TEACHER (TEACHER_ID, SECTION_CODE)
VALUES ("T0048", "CVE338_31");
INSERT INTO SECTION_TEACHER (TEACHER_ID, SECTION_CODE)
VALUES ("T0048", "CVE338_32");
INSERT INTO SECTION_TEACHER (TEACHER_ID, SECTION_CODE)
VALUES ("T0049", "CVE341_31");
INSERT INTO SECTION_TEACHER (TEACHER_ID, SECTION_CODE)
VALUES ("T0049", "CVE341_32");
INSERT INTO SECTION_TEACHER (TEACHER_ID, SECTION_CODE)
VALUES ("T0050", "CVE342_31");
INSERT INTO SECTION_TEACHER (TEACHER_ID, SECTION_CODE)
VALUES ("T0050", "CVE342_32");
INSERT INTO SECTION_TEACHER (TEACHER_ID, SECTION_CODE)
VALUES ("T0051", "CVE371_31");
INSERT INTO SECTION_TEACHER (TEACHER_ID, SECTION_CODE)
VALUES ("T0051", "CVE371_32");
INSERT INTO SECTION_TEACHER (TEACHER_ID, SECTION_CODE)
VALUES ("T0052", "CVE401_31");
INSERT INTO SECTION_TEACHER (TEACHER_ID, SECTION_CODE)
VALUES ("T0052", "CVE401_32");
INSERT INTO SECTION_TEACHER (TEACHER_ID, SECTION_CODE)
VALUES ("T0053", "CVE415_31");
INSERT INTO SECTION_TEACHER (TEACHER_ID, SECTION_CODE)
VALUES ("T0053", "CVE415_32");
INSERT INTO SECTION_TEACHER (TEACHER_ID, SECTION_CODE)
VALUES ("T0052", "CVE402_31");
INSERT INTO SECTION_TEACHER (TEACHER_ID, SECTION_CODE)
VALUES ("T0052", "CVE402_32");

INSERT INTO SECTION_TEACHER (TEACHER_ID, SECTION_CODE)
VALUES ("T0500", "GEN201_31");
INSERT INTO SECTION_TEACHER (TEACHER_ID, SECTION_CODE)
VALUES ("T0501", "GEN301_31");
INSERT INTO SECTION_TEACHER (TEACHER_ID, SECTION_CODE)
VALUES ("T0502", "GEN211_31");
INSERT INTO SECTION_TEACHER (TEACHER_ID, SECTION_CODE)
VALUES ("T0503", "GEN212_31");
INSERT INTO SECTION_TEACHER (TEACHER_ID, SECTION_CODE)
VALUES ("T0504", "GEN311_31");
INSERT INTO SECTION_TEACHER (TEACHER_ID, SECTION_CODE)
VALUES ("T0505", "GEN411_31");
INSERT INTO SECTION_TEACHER (TEACHER_ID, SECTION_CODE)
VALUES ("T0506", "GEN412_31");
INSERT INTO SECTION_TEACHER (TEACHER_ID, SECTION_CODE)
VALUES ("T0507", "GEN222_31");
INSERT INTO SECTION_TEACHER (TEACHER_ID, SECTION_CODE)
VALUES ("T0508", "GEN223_31");
INSERT INTO SECTION_TEACHER (TEACHER_ID, SECTION_CODE)
VALUES ("T0500", "GEN224_31");
INSERT INTO SECTION_TEACHER (TEACHER_ID, SECTION_CODE)
VALUES ("T0501", "GEN225_31");
INSERT INTO SECTION_TEACHER (TEACHER_ID, SECTION_CODE)
VALUES ("T0502", "GEN321_31");
INSERT INTO SECTION_TEACHER (TEACHER_ID, SECTION_CODE)
VALUES ("T0503", "GEN421_31");
INSERT INTO SECTION_TEACHER (TEACHER_ID, SECTION_CODE)
VALUES ("T0504", "GEN232_31");
INSERT INTO SECTION_TEACHER (TEACHER_ID, SECTION_CODE)
VALUES ("T0505", "GEN331_31");
INSERT INTO SECTION_TEACHER (TEACHER_ID, SECTION_CODE)
VALUES ("T0506", "GEN332_31");
INSERT INTO SECTION_TEACHER (TEACHER_ID, SECTION_CODE)
VALUES ("T0507", "GEN242_31");
INSERT INTO SECTION_TEACHER (TEACHER_ID, SECTION_CODE)
VALUES ("T0502", "GEN341_31");
INSERT INTO SECTION_TEACHER (TEACHER_ID, SECTION_CODE)
VALUES ("T0501", "GEN441_31");
INSERT INTO SECTION_TEACHER (TEACHER_ID, SECTION_CODE)
VALUES ("T0508", "GEN352_31");
INSERT INTO SECTION_TEACHER (TEACHER_ID, SECTION_CODE)
VALUES ("T0504", "GEN353_31");
INSERT INTO SECTION_TEACHER (TEACHER_ID, SECTION_CODE)
VALUES ("T0020", "CPE315_31");
INSERT INTO SECTION_TEACHER (TEACHER_ID, SECTION_CODE)
VALUES ("T0006", "CPE341_31");
INSERT INTO SECTION_TEACHER (TEACHER_ID, SECTION_CODE)
VALUES ("T0007", "CPE342_31");
INSERT INTO SECTION_TEACHER (TEACHER_ID, SECTION_CODE)
VALUES ("T0008", "CPE343_31");
INSERT INTO SECTION_TEACHER (TEACHER_ID, SECTION_CODE)
VALUES ("T0009", "CPE344_31");
INSERT INTO SECTION_TEACHER (TEACHER_ID, SECTION_CODE)
VALUES ("T0010", "CPE345_31");
INSERT INTO SECTION_TEACHER (TEACHER_ID, SECTION_CODE)
VALUES ("T0011", "CPE328_31");
INSERT INTO SECTION_TEACHER (TEACHER_ID, SECTION_CODE)
VALUES ("T0012", "CPE351_31");
INSERT INTO SECTION_TEACHER (TEACHER_ID, SECTION_CODE)
VALUES ("T0013", "CPE452_31");
INSERT INTO SECTION_TEACHER (TEACHER_ID, SECTION_CODE)
VALUES ("T0014", "CPE453_31");
INSERT INTO SECTION_TEACHER (TEACHER_ID, SECTION_CODE)
VALUES ("T0015", "CPE454_31");
INSERT INTO SECTION_TEACHER (TEACHER_ID, SECTION_CODE)
VALUES ("T0016", "CPE455_31");
INSERT INTO SECTION_TEACHER (TEACHER_ID, SECTION_CODE)
VALUES ("T0017", "CPE361_31");
INSERT INTO SECTION_TEACHER (TEACHER_ID, SECTION_CODE)
VALUES ("T0018", "CPE462_31");
INSERT INTO SECTION_TEACHER (TEACHER_ID, SECTION_CODE)
VALUES ("T0019", "CPE463_31");
INSERT INTO SECTION_TEACHER (TEACHER_ID, SECTION_CODE)
VALUES ("T0027", "CHE510_31");
INSERT INTO SECTION_TEACHER (TEACHER_ID, SECTION_CODE)
VALUES ("T0028", "CHE512_31");
INSERT INTO SECTION_TEACHER (TEACHER_ID, SECTION_CODE)
VALUES ("T0029", "CHE513_31");
INSERT INTO SECTION_TEACHER (TEACHER_ID, SECTION_CODE)
VALUES ("T0030", "CHE514_31");
INSERT INTO SECTION_TEACHER (TEACHER_ID, SECTION_CODE)
VALUES ("T0031", "CHE520_31");
INSERT INTO SECTION_TEACHER (TEACHER_ID, SECTION_CODE)
VALUES ("T0032", "CHE522_31");
INSERT INTO SECTION_TEACHER (TEACHER_ID, SECTION_CODE)
VALUES ("T0033", "CHE523_31");
INSERT INTO SECTION_TEACHER (TEACHER_ID, SECTION_CODE)
VALUES ("T0034", "CHE530_31");
INSERT INTO SECTION_TEACHER (TEACHER_ID, SECTION_CODE)
VALUES ("T0035", "CHE540_31");
INSERT INTO SECTION_TEACHER (TEACHER_ID, SECTION_CODE)
VALUES ("T0036", "CHE541_31");
INSERT INTO SECTION_TEACHER (TEACHER_ID, SECTION_CODE)
VALUES ("T0037", "CHE542_31");
INSERT INTO SECTION_TEACHER (TEACHER_ID, SECTION_CODE)
VALUES ("T0038", "CHE543_31");
INSERT INTO SECTION_TEACHER (TEACHER_ID, SECTION_CODE)
VALUES ("T0039", "CHE544_31");
INSERT INTO SECTION_TEACHER (TEACHER_ID, SECTION_CODE)
VALUES ("T0040", "CHE546_31");
INSERT INTO SECTION_TEACHER (TEACHER_ID, SECTION_CODE)
VALUES ("T0041", "CHE547_31");
INSERT INTO SECTION_TEACHER (TEACHER_ID, SECTION_CODE)
VALUES ("T0042", "CVE443_31");
INSERT INTO SECTION_TEACHER (TEACHER_ID, SECTION_CODE)
VALUES ("T0043", "CVE444_31");
INSERT INTO SECTION_TEACHER (TEACHER_ID, SECTION_CODE)
VALUES ("T0044", "CVE445_31");
INSERT INTO SECTION_TEACHER (TEACHER_ID, SECTION_CODE)
VALUES ("T0045", "CVE446_31");
INSERT INTO SECTION_TEACHER (TEACHER_ID, SECTION_CODE)
VALUES ("T0046", "CVE447_31");
INSERT INTO SECTION_TEACHER (TEACHER_ID, SECTION_CODE)
VALUES ("T0047", "CVE448_31");
INSERT INTO SECTION_TEACHER (TEACHER_ID, SECTION_CODE)
VALUES ("T0048", "CVE449_31");
INSERT INTO SECTION_TEACHER (TEACHER_ID, SECTION_CODE)
VALUES ("T0049", "CVE226_31");
INSERT INTO SECTION_TEACHER (TEACHER_ID, SECTION_CODE)
VALUES ("T0050", "CVE421_31");
INSERT INTO SECTION_TEACHER (TEACHER_ID, SECTION_CODE)
VALUES ("T0051", "CVE422_31");
INSERT INTO SECTION_TEACHER (TEACHER_ID, SECTION_CODE)
VALUES ("T0052", "CVE425_31");
INSERT INTO SECTION_TEACHER (TEACHER_ID, SECTION_CODE)
VALUES ("T0053", "CVE426_31");
INSERT INTO SECTION_TEACHER (TEACHER_ID, SECTION_CODE)
VALUES ("T0054", "CVE428_31");
INSERT INTO SECTION_TEACHER (TEACHER_ID, SECTION_CODE)
VALUES ("T0042", "CVE372_31");
INSERT INTO SECTION_TEACHER (TEACHER_ID, SECTION_CODE)
VALUES ("T0043", "CVE473_31");


/* INSERT DATA IN BILL_PAYMENT */
INSERT INTO BILL_PAYMENT (PAYMENT_ID, ENROLLMENT_ID, TRANSITION_NUMBER, DUE_PHASE, PRICE)
VALUES ("63070503404125631", "6307050340412563", 147, 1, 18000);
INSERT INTO BILL_PAYMENT (PAYMENT_ID, ENROLLMENT_ID, TRANSITION_NUMBER, DUE_PHASE, PRICE)
VALUES ("63070503404125632", "6307050340412563", 258, 2, 9000);
INSERT INTO BILL_PAYMENT (PAYMENT_ID, ENROLLMENT_ID, TRANSITION_NUMBER, DUE_PHASE, PRICE)
VALUES ("63070503404125633", "6307050340412563", 369, 3, 9000);
INSERT INTO BILL_PAYMENT (PAYMENT_ID, ENROLLMENT_ID, TRANSITION_NUMBER, DUE_PHASE, PRICE)
VALUES ("63070503404225631", "6307050340422563", 123, 1, 18000);
INSERT INTO BILL_PAYMENT (PAYMENT_ID, ENROLLMENT_ID, TRANSITION_NUMBER, DUE_PHASE, PRICE)
VALUES ("63070503404225632", "6307050340422563", 456, 2, 9000);
INSERT INTO BILL_PAYMENT (PAYMENT_ID, ENROLLMENT_ID, TRANSITION_NUMBER, DUE_PHASE, PRICE)
VALUES ("63070503404225633", "6307050340422563", 789, 3, 9000);
INSERT INTO BILL_PAYMENT (PAYMENT_ID, ENROLLMENT_ID, TRANSITION_NUMBER, DUE_PHASE, PRICE)
VALUES ("63070503405125621", "6307050340512562", 1, 1, 18000);
INSERT INTO BILL_PAYMENT (PAYMENT_ID, ENROLLMENT_ID, TRANSITION_NUMBER, DUE_PHASE, PRICE)
VALUES ("63070503405125622", "6307050340512562", 2, 2, 9000);
INSERT INTO BILL_PAYMENT (PAYMENT_ID, ENROLLMENT_ID, TRANSITION_NUMBER, DUE_PHASE, PRICE)
VALUES ("63070503405125623", "6307050340512562", NULL, 3, 9000);
INSERT INTO BILL_PAYMENT (PAYMENT_ID, ENROLLMENT_ID, TRANSITION_NUMBER, DUE_PHASE, PRICE)
VALUES ("63070503405225621", "6307050340522562", 1, 1, 36000);
INSERT INTO BILL_PAYMENT (PAYMENT_ID, ENROLLMENT_ID, TRANSITION_NUMBER, DUE_PHASE, PRICE)
VALUES ("63070503405225622", "6307050340522562", 2, 2, 18000);
INSERT INTO BILL_PAYMENT (PAYMENT_ID, ENROLLMENT_ID, TRANSITION_NUMBER, DUE_PHASE, PRICE)
VALUES ("63070503405225623", "6307050340522562", 3, 3, 18000);
INSERT INTO BILL_PAYMENT (PAYMENT_ID, ENROLLMENT_ID, TRANSITION_NUMBER, DUE_PHASE, PRICE)
VALUES ("63070503405125631", "6307050340512563", 147, 1, 19000);
INSERT INTO BILL_PAYMENT (PAYMENT_ID, ENROLLMENT_ID, TRANSITION_NUMBER, DUE_PHASE, PRICE)
VALUES ("63070503405125632", "6307050340512563", 258, 2, 9500);
INSERT INTO BILL_PAYMENT (PAYMENT_ID, ENROLLMENT_ID, TRANSITION_NUMBER, DUE_PHASE, PRICE)
VALUES ("63070503405125633", "6307050340512563", 369, 3, 9500);
INSERT INTO BILL_PAYMENT (PAYMENT_ID, ENROLLMENT_ID, TRANSITION_NUMBER, DUE_PHASE, PRICE)
VALUES ("63070503405225631", "6307050340522563", 123, 1, 18000);
INSERT INTO BILL_PAYMENT (PAYMENT_ID, ENROLLMENT_ID, TRANSITION_NUMBER, DUE_PHASE, PRICE)
VALUES ("63070503405225632", "6307050340522563", 456, 2, 9000);
INSERT INTO BILL_PAYMENT (PAYMENT_ID, ENROLLMENT_ID, TRANSITION_NUMBER, DUE_PHASE, PRICE)
VALUES ("63070503405225633", "6307050340522563", 789, 3, 9000);
INSERT INTO BILL_PAYMENT (PAYMENT_ID, ENROLLMENT_ID, TRANSITION_NUMBER, DUE_PHASE, PRICE)
VALUES ("63070503410125611", "6307050341012561", 1, 1, 18000);
INSERT INTO BILL_PAYMENT (PAYMENT_ID, ENROLLMENT_ID, TRANSITION_NUMBER, DUE_PHASE, PRICE)
VALUES ("63070503410125612", "6307050341012561", 2, 2, 9000);
INSERT INTO BILL_PAYMENT (PAYMENT_ID, ENROLLMENT_ID, TRANSITION_NUMBER, DUE_PHASE, PRICE)
VALUES ("63070503410125613", "6307050341012561", 3, 3, 9000);
INSERT INTO BILL_PAYMENT (PAYMENT_ID, ENROLLMENT_ID, TRANSITION_NUMBER, DUE_PHASE, PRICE)
VALUES ("63070503410225611", "6307050341022561", 1, 1, 18000);
INSERT INTO BILL_PAYMENT (PAYMENT_ID, ENROLLMENT_ID, TRANSITION_NUMBER, DUE_PHASE, PRICE)
VALUES ("63070503410225612", "6307050341022561", 2, 2, 9000);
INSERT INTO BILL_PAYMENT (PAYMENT_ID, ENROLLMENT_ID, TRANSITION_NUMBER, DUE_PHASE, PRICE)
VALUES ("63070503410225613", "6307050341022561", 3, 3, 9000);
INSERT INTO BILL_PAYMENT (PAYMENT_ID, ENROLLMENT_ID, TRANSITION_NUMBER, DUE_PHASE, PRICE)
VALUES ("63070503410125621", "6307050341012562", 1, 1, 19000);
INSERT INTO BILL_PAYMENT (PAYMENT_ID, ENROLLMENT_ID, TRANSITION_NUMBER, DUE_PHASE, PRICE)
VALUES ("63070503410125622", "6307050341012562", 2, 2, 9500);
INSERT INTO BILL_PAYMENT (PAYMENT_ID, ENROLLMENT_ID, TRANSITION_NUMBER, DUE_PHASE, PRICE)
VALUES ("63070503410125623", "6307050341012562", 3, 3, 9500);
INSERT INTO BILL_PAYMENT (PAYMENT_ID, ENROLLMENT_ID, TRANSITION_NUMBER, DUE_PHASE, PRICE)
VALUES ("63070503410225621", "6307050341022562", 1, 1, 18000);
INSERT INTO BILL_PAYMENT (PAYMENT_ID, ENROLLMENT_ID, TRANSITION_NUMBER, DUE_PHASE, PRICE)
VALUES ("63070503410225622", "6307050341022562", 2, 2, 9000);
INSERT INTO BILL_PAYMENT (PAYMENT_ID, ENROLLMENT_ID, TRANSITION_NUMBER, DUE_PHASE, PRICE)
VALUES ("63070503410225623", "6307050341022562", 3, 3, 9000);
INSERT INTO BILL_PAYMENT (PAYMENT_ID, ENROLLMENT_ID, TRANSITION_NUMBER, DUE_PHASE, PRICE)
VALUES ("63070503410125631", "6307050341012563", 147, 1, 16000);
INSERT INTO BILL_PAYMENT (PAYMENT_ID, ENROLLMENT_ID, TRANSITION_NUMBER, DUE_PHASE, PRICE)
VALUES ("63070503410125632", "6307050341012563", 258, 2, 8000);
INSERT INTO BILL_PAYMENT (PAYMENT_ID, ENROLLMENT_ID, TRANSITION_NUMBER, DUE_PHASE, PRICE)
VALUES ("63070503410125633", "6307050341012563", 369, 3, 8000);
INSERT INTO BILL_PAYMENT (PAYMENT_ID, ENROLLMENT_ID, TRANSITION_NUMBER, DUE_PHASE, PRICE)
VALUES ("63070503410225631", "6307050341022563", 123, 1, 18000);
INSERT INTO BILL_PAYMENT (PAYMENT_ID, ENROLLMENT_ID, TRANSITION_NUMBER, DUE_PHASE, PRICE)
VALUES ("63070503410225632", "6307050341022563", 456, 2, 9000);
INSERT INTO BILL_PAYMENT (PAYMENT_ID, ENROLLMENT_ID, TRANSITION_NUMBER, DUE_PHASE, PRICE)
VALUES ("63070503410225633", "6307050341022563", 789, 3, 9000);
INSERT INTO BILL_PAYMENT (PAYMENT_ID, ENROLLMENT_ID, TRANSITION_NUMBER, DUE_PHASE, PRICE)
VALUES ("63070503420125631", "6307050342012563", 123, 1, 18000);
INSERT INTO BILL_PAYMENT (PAYMENT_ID, ENROLLMENT_ID, TRANSITION_NUMBER, DUE_PHASE, PRICE)
VALUES ("63070503420125632", "6307050342012563", 456, 2, 9000);
INSERT INTO BILL_PAYMENT (PAYMENT_ID, ENROLLMENT_ID, TRANSITION_NUMBER, DUE_PHASE, PRICE)
VALUES ("63070503420125633", "6307050342012563", 789, 3, 9000);
INSERT INTO BILL_PAYMENT (PAYMENT_ID, ENROLLMENT_ID, TRANSITION_NUMBER, DUE_PHASE, PRICE)
VALUES ("63070503420225631", "6307050342022563", 987, 1, 23000);
INSERT INTO BILL_PAYMENT (PAYMENT_ID, ENROLLMENT_ID, TRANSITION_NUMBER, DUE_PHASE, PRICE)
VALUES ("63070503420225632", "6307050342022563", 654, 2, 11500);
INSERT INTO BILL_PAYMENT (PAYMENT_ID, ENROLLMENT_ID, TRANSITION_NUMBER, DUE_PHASE, PRICE)
VALUES ("63070503420225633", "6307050342022563", 321, 3, 11500);
INSERT INTO BILL_PAYMENT (PAYMENT_ID, ENROLLMENT_ID, TRANSITION_NUMBER, DUE_PHASE, PRICE)
VALUES ("63070503423125621", "6307050342312562", 123, 1, 18000);
INSERT INTO BILL_PAYMENT (PAYMENT_ID, ENROLLMENT_ID, TRANSITION_NUMBER, DUE_PHASE, PRICE)
VALUES ("63070503423125622", "6307050342312562", 456, 2, 9000);
INSERT INTO BILL_PAYMENT (PAYMENT_ID, ENROLLMENT_ID, TRANSITION_NUMBER, DUE_PHASE, PRICE)
VALUES ("63070503423125623", "6307050342312562", 789, 3, 9000);
INSERT INTO BILL_PAYMENT (PAYMENT_ID, ENROLLMENT_ID, TRANSITION_NUMBER, DUE_PHASE, PRICE)
VALUES ("63070503423225621", "6307050342322562", 123, 1, 25000);
INSERT INTO BILL_PAYMENT (PAYMENT_ID, ENROLLMENT_ID, TRANSITION_NUMBER, DUE_PHASE, PRICE)
VALUES ("63070503423225622", "6307050342322562", 456, 2, 12500);
INSERT INTO BILL_PAYMENT (PAYMENT_ID, ENROLLMENT_ID, TRANSITION_NUMBER, DUE_PHASE, PRICE)
VALUES ("63070503423225623", "6307050342322562", 789, 3, 12500);
INSERT INTO BILL_PAYMENT (PAYMENT_ID, ENROLLMENT_ID, TRANSITION_NUMBER, DUE_PHASE, PRICE)
VALUES ("63070503423125631", "6307050342312563", 123, 1, 19000);
INSERT INTO BILL_PAYMENT (PAYMENT_ID, ENROLLMENT_ID, TRANSITION_NUMBER, DUE_PHASE, PRICE)
VALUES ("63070503423125632", "6307050342312563", 456, 2, 9500);
INSERT INTO BILL_PAYMENT (PAYMENT_ID, ENROLLMENT_ID, TRANSITION_NUMBER, DUE_PHASE, PRICE)
VALUES ("63070503423125633", "6307050342312563", 789, 3, 9500);
INSERT INTO BILL_PAYMENT (PAYMENT_ID, ENROLLMENT_ID, TRANSITION_NUMBER, DUE_PHASE, PRICE)
VALUES ("63070503423225631", "6307050342322563", 987, 1, 21000);
INSERT INTO BILL_PAYMENT (PAYMENT_ID, ENROLLMENT_ID, TRANSITION_NUMBER, DUE_PHASE, PRICE)
VALUES ("63070503423225632", "6307050342322563", 654, 2, 10500);
INSERT INTO BILL_PAYMENT (PAYMENT_ID, ENROLLMENT_ID, TRANSITION_NUMBER, DUE_PHASE, PRICE)
VALUES ("63070503423225633", "6307050342322563", 321, 3, 10500);
INSERT INTO BILL_PAYMENT (PAYMENT_ID, ENROLLMENT_ID, TRANSITION_NUMBER, DUE_PHASE, PRICE)
VALUES ("63070503440125611", "6307050344012561", 123, 1, 18000);
INSERT INTO BILL_PAYMENT (PAYMENT_ID, ENROLLMENT_ID, TRANSITION_NUMBER, DUE_PHASE, PRICE)
VALUES ("63070503440125612", "6307050344012561", 456, 2, 9000);
INSERT INTO BILL_PAYMENT (PAYMENT_ID, ENROLLMENT_ID, TRANSITION_NUMBER, DUE_PHASE, PRICE)
VALUES ("63070503440125613", "6307050344012561", 789, 3, 9000);
INSERT INTO BILL_PAYMENT (PAYMENT_ID, ENROLLMENT_ID, TRANSITION_NUMBER, DUE_PHASE, PRICE)
VALUES ("63070503440225611", "6307050344022561", 123, 1, 23000);
INSERT INTO BILL_PAYMENT (PAYMENT_ID, ENROLLMENT_ID, TRANSITION_NUMBER, DUE_PHASE, PRICE)
VALUES ("63070503440225612", "6307050344022561", 456, 2, 11500);
INSERT INTO BILL_PAYMENT (PAYMENT_ID, ENROLLMENT_ID, TRANSITION_NUMBER, DUE_PHASE, PRICE)
VALUES ("63070503440225613", "6307050344022561", 789, 3, 11500);
INSERT INTO BILL_PAYMENT (PAYMENT_ID, ENROLLMENT_ID, TRANSITION_NUMBER, DUE_PHASE, PRICE)
VALUES ("63070503440125621", "6307050344012562", 123, 1, 19000);
INSERT INTO BILL_PAYMENT (PAYMENT_ID, ENROLLMENT_ID, TRANSITION_NUMBER, DUE_PHASE, PRICE)
VALUES ("63070503440125622", "6307050344012562", 456, 2, 9500);
INSERT INTO BILL_PAYMENT (PAYMENT_ID, ENROLLMENT_ID, TRANSITION_NUMBER, DUE_PHASE, PRICE)
VALUES ("63070503440125623", "6307050344012562", 789, 3, 9500);
INSERT INTO BILL_PAYMENT (PAYMENT_ID, ENROLLMENT_ID, TRANSITION_NUMBER, DUE_PHASE, PRICE)
VALUES ("63070503440225621", "6307050344022562", 741, 1, 18000);
INSERT INTO BILL_PAYMENT (PAYMENT_ID, ENROLLMENT_ID, TRANSITION_NUMBER, DUE_PHASE, PRICE)
VALUES ("63070503440225622", "6307050344022562", 852, 2, 9000);
INSERT INTO BILL_PAYMENT (PAYMENT_ID, ENROLLMENT_ID, TRANSITION_NUMBER, DUE_PHASE, PRICE)
VALUES ("63070503440225623", "6307050344022562", 963, 3, 9000);
INSERT INTO BILL_PAYMENT (PAYMENT_ID, ENROLLMENT_ID, TRANSITION_NUMBER, DUE_PHASE, PRICE)
VALUES ("63070503440125631", "6307050344012563", 123, 1, 17000);
INSERT INTO BILL_PAYMENT (PAYMENT_ID, ENROLLMENT_ID, TRANSITION_NUMBER, DUE_PHASE, PRICE)
VALUES ("63070503440125632", "6307050344012563", 456, 2, 8500);
INSERT INTO BILL_PAYMENT (PAYMENT_ID, ENROLLMENT_ID, TRANSITION_NUMBER, DUE_PHASE, PRICE)
VALUES ("63070503440125633", "6307050344012563", 789, 3, 8500);
INSERT INTO BILL_PAYMENT (PAYMENT_ID, ENROLLMENT_ID, TRANSITION_NUMBER, DUE_PHASE, PRICE)
VALUES ("63070503440225631", "6307050344022563", 987, 1, 17000);
INSERT INTO BILL_PAYMENT (PAYMENT_ID, ENROLLMENT_ID, TRANSITION_NUMBER, DUE_PHASE, PRICE)
VALUES ("63070503440225632", "6307050344022563", 654, 2, 8500);
INSERT INTO BILL_PAYMENT (PAYMENT_ID, ENROLLMENT_ID, TRANSITION_NUMBER, DUE_PHASE, PRICE)
VALUES ("63070503440225633", "6307050344022563", 321, 3, 8500);
INSERT INTO BILL_PAYMENT (PAYMENT_ID, ENROLLMENT_ID, TRANSITION_NUMBER, DUE_PHASE, PRICE)
VALUES ("63070503444125631", "6307050344412563", 123, 1, 21000);
INSERT INTO BILL_PAYMENT (PAYMENT_ID, ENROLLMENT_ID, TRANSITION_NUMBER, DUE_PHASE, PRICE)
VALUES ("63070503444125632", "6307050344412563", 456, 2, 10500);
INSERT INTO BILL_PAYMENT (PAYMENT_ID, ENROLLMENT_ID, TRANSITION_NUMBER, DUE_PHASE, PRICE)
VALUES ("63070503444125633", "6307050344412563", 789, 3, 10500);
INSERT INTO BILL_PAYMENT (PAYMENT_ID, ENROLLMENT_ID, TRANSITION_NUMBER, DUE_PHASE, PRICE)
VALUES ("63070503444225631", "6307050344422563", 987, 1, 19000);
INSERT INTO BILL_PAYMENT (PAYMENT_ID, ENROLLMENT_ID, TRANSITION_NUMBER, DUE_PHASE, PRICE)
VALUES ("63070503444225632", "6307050344422563", 654, 2, 9500);
INSERT INTO BILL_PAYMENT (PAYMENT_ID, ENROLLMENT_ID, TRANSITION_NUMBER, DUE_PHASE, PRICE)
VALUES ("63070503444225633", "6307050344422563", 321, 3, 9500);
INSERT INTO BILL_PAYMENT (PAYMENT_ID, ENROLLMENT_ID, TRANSITION_NUMBER, DUE_PHASE, PRICE)
VALUES ("63070503446125621", "6307050344612562", 147, 1, 21000);
INSERT INTO BILL_PAYMENT (PAYMENT_ID, ENROLLMENT_ID, TRANSITION_NUMBER, DUE_PHASE, PRICE)
VALUES ("63070503446125622", "6307050344612562", 258, 2, 10500);
INSERT INTO BILL_PAYMENT (PAYMENT_ID, ENROLLMENT_ID, TRANSITION_NUMBER, DUE_PHASE, PRICE)
VALUES ("63070503446125623", "6307050344612562", 369, 3, 10500);
INSERT INTO BILL_PAYMENT (PAYMENT_ID, ENROLLMENT_ID, TRANSITION_NUMBER, DUE_PHASE, PRICE)
VALUES ("63070503446225621", "6307050344622562", 147, 1, 25000);
INSERT INTO BILL_PAYMENT (PAYMENT_ID, ENROLLMENT_ID, TRANSITION_NUMBER, DUE_PHASE, PRICE)
VALUES ("63070503446225622", "6307050344622562", 258, 2, 12500);
INSERT INTO BILL_PAYMENT (PAYMENT_ID, ENROLLMENT_ID, TRANSITION_NUMBER, DUE_PHASE, PRICE)
VALUES ("63070503446225623", "6307050344622562", 369, 3, 12500);
INSERT INTO BILL_PAYMENT (PAYMENT_ID, ENROLLMENT_ID, TRANSITION_NUMBER, DUE_PHASE, PRICE)
VALUES ("63070503446125631", "6307050344612563", 123, 1, 21000);
INSERT INTO BILL_PAYMENT (PAYMENT_ID, ENROLLMENT_ID, TRANSITION_NUMBER, DUE_PHASE, PRICE)
VALUES ("63070503446125632", "6307050344612563", 456, 2, 10500);
INSERT INTO BILL_PAYMENT (PAYMENT_ID, ENROLLMENT_ID, TRANSITION_NUMBER, DUE_PHASE, PRICE)
VALUES ("63070503446125633", "6307050344612563", 789, 3, 10500);
INSERT INTO BILL_PAYMENT (PAYMENT_ID, ENROLLMENT_ID, TRANSITION_NUMBER, DUE_PHASE, PRICE)
VALUES ("63070503446225631", "6307050344622563", 987, 1, 15000);
INSERT INTO BILL_PAYMENT (PAYMENT_ID, ENROLLMENT_ID, TRANSITION_NUMBER, DUE_PHASE, PRICE)
VALUES ("63070503446225632", "6307050344622563", 654, 2, 7500);
INSERT INTO BILL_PAYMENT (PAYMENT_ID, ENROLLMENT_ID, TRANSITION_NUMBER, DUE_PHASE, PRICE)
VALUES ("63070503446225633", "6307050344622563", 321, 3, 7500);
INSERT INTO BILL_PAYMENT (PAYMENT_ID, ENROLLMENT_ID, TRANSITION_NUMBER, DUE_PHASE, PRICE)
VALUES ("63070503458125611", "6307050345812561", 123, 1, 21000);
INSERT INTO BILL_PAYMENT (PAYMENT_ID, ENROLLMENT_ID, TRANSITION_NUMBER, DUE_PHASE, PRICE)
VALUES ("63070503458125612", "6307050345812561", 456, 2, 10500);
INSERT INTO BILL_PAYMENT (PAYMENT_ID, ENROLLMENT_ID, TRANSITION_NUMBER, DUE_PHASE, PRICE)
VALUES ("63070503458125613", "6307050345812561", 789, 3, 10500);
INSERT INTO BILL_PAYMENT (PAYMENT_ID, ENROLLMENT_ID, TRANSITION_NUMBER, DUE_PHASE, PRICE)
VALUES ("63070503458225611", "6307050345822561", 123, 1, 23000);
INSERT INTO BILL_PAYMENT (PAYMENT_ID, ENROLLMENT_ID, TRANSITION_NUMBER, DUE_PHASE, PRICE)
VALUES ("63070503458225612", "6307050345822561", 456, 2, 11500);
INSERT INTO BILL_PAYMENT (PAYMENT_ID, ENROLLMENT_ID, TRANSITION_NUMBER, DUE_PHASE, PRICE)
VALUES ("63070503458225613", "6307050345822561", 789, 3, 11500);
INSERT INTO BILL_PAYMENT (PAYMENT_ID, ENROLLMENT_ID, TRANSITION_NUMBER, DUE_PHASE, PRICE)
VALUES ("63070503458125621", "6307050345812562", 123, 1, 21000);
INSERT INTO BILL_PAYMENT (PAYMENT_ID, ENROLLMENT_ID, TRANSITION_NUMBER, DUE_PHASE, PRICE)
VALUES ("63070503458125622", "6307050345812562", 456, 2, 10500);
INSERT INTO BILL_PAYMENT (PAYMENT_ID, ENROLLMENT_ID, TRANSITION_NUMBER, DUE_PHASE, PRICE)
VALUES ("63070503458125623", "6307050345812562", 789, 3, 10500);
INSERT INTO BILL_PAYMENT (PAYMENT_ID, ENROLLMENT_ID, TRANSITION_NUMBER, DUE_PHASE, PRICE)
VALUES ("63070503458225621", "6307050345822562", 741, 1, 15000);
INSERT INTO BILL_PAYMENT (PAYMENT_ID, ENROLLMENT_ID, TRANSITION_NUMBER, DUE_PHASE, PRICE)
VALUES ("63070503458225622", "6307050345822562", 852, 2, 7500);
INSERT INTO BILL_PAYMENT (PAYMENT_ID, ENROLLMENT_ID, TRANSITION_NUMBER, DUE_PHASE, PRICE)
VALUES ("63070503458225623", "6307050345822562", 963, 3, 7500);
INSERT INTO BILL_PAYMENT (PAYMENT_ID, ENROLLMENT_ID, TRANSITION_NUMBER, DUE_PHASE, PRICE)
VALUES ("63070503458125631", "6307050345812563", 123, 1, 19000);
INSERT INTO BILL_PAYMENT (PAYMENT_ID, ENROLLMENT_ID, TRANSITION_NUMBER, DUE_PHASE, PRICE)
VALUES ("63070503458125632", "6307050345812563", 456, 2, 9500);
INSERT INTO BILL_PAYMENT (PAYMENT_ID, ENROLLMENT_ID, TRANSITION_NUMBER, DUE_PHASE, PRICE)
VALUES ("63070503458125633", "6307050345812563", 789, 3, 9500);
INSERT INTO BILL_PAYMENT (PAYMENT_ID, ENROLLMENT_ID, TRANSITION_NUMBER, DUE_PHASE, PRICE)
VALUES ("63070503458225631", "6307050345822563", 987, 1, 17000);
INSERT INTO BILL_PAYMENT (PAYMENT_ID, ENROLLMENT_ID, TRANSITION_NUMBER, DUE_PHASE, PRICE)
VALUES ("63070503458225632", "6307050345822563", 654, 2, 8500);
INSERT INTO BILL_PAYMENT (PAYMENT_ID, ENROLLMENT_ID, TRANSITION_NUMBER, DUE_PHASE, PRICE)
VALUES ("63070503458225633", "6307050345822563", 321, 3, 8500);


/* INSERT DATA IN SCHOOL_SUPPLIES */
INSERT INTO SCHOOL_SUPPLIES (SUPPLY_ID, SUPPLY_TYPE, MODELS, SUPPLY_STATUS, END_OF_DUTY_DATE)
VALUES ("S001", "Notebook", "14-inch MacBook Pro Apple M1 Pro chip", "Borrowed", "2023-5-9");
INSERT INTO SCHOOL_SUPPLIES (SUPPLY_ID, SUPPLY_TYPE, MODELS, SUPPLY_STATUS, END_OF_DUTY_DATE)
VALUES ("S002", "Notebook", "13-inch MacBook Air Apple M1 chip", "Borrowed", "2023-5-9");
INSERT INTO SCHOOL_SUPPLIES (SUPPLY_ID, SUPPLY_TYPE, MODELS, SUPPLY_STATUS, END_OF_DUTY_DATE)
VALUES ("S003", "Notebook", "13-inch MacBook Air Apple M1 chip", "Borrowed", "2023-5-9");
INSERT INTO SCHOOL_SUPPLIES (SUPPLY_ID, SUPPLY_TYPE, MODELS, SUPPLY_STATUS, END_OF_DUTY_DATE)
VALUES ("S004", "Notebook", "Acer Nitro 5 AN515-45-R71A", "Available", "2023-5-9");
INSERT INTO SCHOOL_SUPPLIES (SUPPLY_ID, SUPPLY_TYPE, MODELS, SUPPLY_STATUS, END_OF_DUTY_DATE)
VALUES ("S005", "Notebook", "Acer Nitro 5 AN515-45-R71A", "Available", "2023-5-9");
INSERT INTO SCHOOL_SUPPLIES (SUPPLY_ID, SUPPLY_TYPE, MODELS, SUPPLY_STATUS, END_OF_DUTY_DATE)
VALUES ("S006", "Notebook", "Acer Nitro 5 AN515-45-R71A", "Available", "2023-5-9");
INSERT INTO SCHOOL_SUPPLIES (SUPPLY_ID, SUPPLY_TYPE, MODELS, SUPPLY_STATUS, END_OF_DUTY_DATE)
VALUES ("S007", "Notebook", "Acer Swift X SFX14-41G-R5M2", "Available", "2023-5-9");
INSERT INTO SCHOOL_SUPPLIES (SUPPLY_ID, SUPPLY_TYPE, MODELS, SUPPLY_STATUS, END_OF_DUTY_DATE)
VALUES ("S008", "Notebook", "Acer Swift X SFX14-41G-R5M2", "Available", "2023-5-9");
INSERT INTO SCHOOL_SUPPLIES (SUPPLY_ID, SUPPLY_TYPE, MODELS, SUPPLY_STATUS, END_OF_DUTY_DATE)
VALUES ("S009", "Notebook", "Lenovo Legion 5 15ACH6H-82JU015PTA", "Available", "2023-5-9");
INSERT INTO SCHOOL_SUPPLIES (SUPPLY_ID, SUPPLY_TYPE, MODELS, SUPPLY_STATUS, END_OF_DUTY_DATE)
VALUES ("S010", "Notebook", "Lenovo Legion 5 15ACH6H-82JU015PTA", "Available", "2023-5-9");
INSERT INTO SCHOOL_SUPPLIES (SUPPLY_ID, SUPPLY_TYPE, MODELS, SUPPLY_STATUS, END_OF_DUTY_DATE)
VALUES ("S011", "Tablet", "iPad Air 5 64GB (Space Gray)", "Borrowed", "2023-5-9");
INSERT INTO SCHOOL_SUPPLIES (SUPPLY_ID, SUPPLY_TYPE, MODELS, SUPPLY_STATUS, END_OF_DUTY_DATE)
VALUES ("S012", "Tablet", "iPad Air 5 64GB (Pink)", "Borrowed", "2023-5-9");
INSERT INTO SCHOOL_SUPPLIES (SUPPLY_ID, SUPPLY_TYPE, MODELS, SUPPLY_STATUS, END_OF_DUTY_DATE)
VALUES ("S013", "Tablet", "iPad Air 5 64GB (Purple)", "Available", "2023-5-9");
INSERT INTO SCHOOL_SUPPLIES (SUPPLY_ID, SUPPLY_TYPE, MODELS, SUPPLY_STATUS, END_OF_DUTY_DATE)
VALUES ("S014", "Tablet", "iPad Air 5 64GB (Blue)", "Available", "2023-5-9");
INSERT INTO SCHOOL_SUPPLIES (SUPPLY_ID, SUPPLY_TYPE, MODELS, SUPPLY_STATUS, END_OF_DUTY_DATE)
VALUES ("S015", "Tablet", "iPad Air 5 64GB (Starlight)", "Available", "2023-5-9");
INSERT INTO SCHOOL_SUPPLIES (SUPPLY_ID, SUPPLY_TYPE, MODELS, SUPPLY_STATUS, END_OF_DUTY_DATE)
VALUES ("S016", "Tablet", "Galaxy Tab S8+ 128GB", "Available", "2023-5-9");
INSERT INTO SCHOOL_SUPPLIES (SUPPLY_ID, SUPPLY_TYPE, MODELS, SUPPLY_STATUS, END_OF_DUTY_DATE)
VALUES ("S017", "Tablet", "Galaxy Tab S8 128GB", "Available", "2023-5-9");
INSERT INTO SCHOOL_SUPPLIES (SUPPLY_ID, SUPPLY_TYPE, MODELS, SUPPLY_STATUS, END_OF_DUTY_DATE)
VALUES ("S018", "Tablet", "Galaxy Tab S8 128GB", "Available", "2023-5-9");
INSERT INTO SCHOOL_SUPPLIES (SUPPLY_ID, SUPPLY_TYPE, MODELS, SUPPLY_STATUS, END_OF_DUTY_DATE)
VALUES ("S019", "Tablet", "Galaxy Tab A8 128GB", "Available", "2023-5-9");
INSERT INTO SCHOOL_SUPPLIES (SUPPLY_ID, SUPPLY_TYPE, MODELS, SUPPLY_STATUS, END_OF_DUTY_DATE)
VALUES ("S020", "Tablet", "Galaxy Tab A8 128GB", "Available", "2023-5-9");


/* INSERT DATA IN BORROW_LIST*/
INSERT INTO BORROW_LIST (USER_ID, SUPPLY_ID, SEMESTER, ACADEMIC_YEAR, BORROW_STATUS)
VALUES ("63070503405", "S001", 1, 2563, "BORROWED");
INSERT INTO BORROW_LIST (USER_ID, SUPPLY_ID, SEMESTER, ACADEMIC_YEAR, BORROW_STATUS)
VALUES ("63070503405", "S011", 1, 2563, "BORROWED");
INSERT INTO BORROW_LIST (USER_ID, SUPPLY_ID, SEMESTER, ACADEMIC_YEAR, BORROW_STATUS)
VALUES ("63070503461", "S002", 1, 2563, "BORROWED");
INSERT INTO BORROW_LIST (USER_ID, SUPPLY_ID, SEMESTER, ACADEMIC_YEAR, BORROW_STATUS)
VALUES ("63070503461", "S012", 1, 2563, "BORROWED");
INSERT INTO BORROW_LIST (USER_ID, SUPPLY_ID, SEMESTER, ACADEMIC_YEAR, BORROW_STATUS)
VALUES ("63070503471", "S003", 1, 2563, "BORROWED");